agent_exit_code,ast_parse_calls,commit,duration_ms,git_show_calls,history_path,impacted_external,impacted_internal,impacted_internal_ratio,impacted_test,impacted_total,num_changed_targets,num_files_changed,num_targets,ok,patch_added_lines,patch_path,patch_removed_lines,patch_total_lines,runner_ms,subprocess_calls,verifier_checked,verifier_ok
0,0,8c32e91c,2760,0,D:\locbench\analyzer\runs\fastapi\agent_batch\20260126_205121\8c32e91c_20260126_205121\history.json,0,0,0.0,0,0,0,0,0,True,0,D:\locbench\analyzer\runs\fastapi\agent_batch\20260126_205121\8c32e91c_20260126_205121\docstring_patch_8c32e91c.diff,0,0,2893,2,0,True
0,0,7a058946,2080,0,D:\locbench\analyzer\runs\fastapi\agent_batch\20260126_205121\7a058946_20260126_205124\history.json,0,0,0.0,0,0,0,0,0,True,0,D:\locbench\analyzer\runs\fastapi\agent_batch\20260126_205121\7a058946_20260126_205124\docstring_patch_7a058946.diff,0,0,2200,2,0,True
0,0,442d007e,2032,0,D:\locbench\analyzer\runs\fastapi\agent_batch\20260126_205121\442d007e_20260126_205127\history.json,0,0,0.0,0,0,0,0,0,True,0,D:\locbench\analyzer\runs\fastapi\agent_batch\20260126_205121\442d007e_20260126_205127\docstring_patch_442d007e.diff,0,0,2159,2,0,True
0,0,eaf07c5d,2088,0,D:\locbench\analyzer\runs\fastapi\agent_batch\20260126_205121\eaf07c5d_20260126_205129\history.json,0,0,0.0,0,0,0,0,0,True,0,D:\locbench\analyzer\runs\fastapi\agent_batch\20260126_205121\eaf07c5d_20260126_205129\docstring_patch_eaf07c5d.diff,0,0,2196,2,0,True
0,0,597b435a,2080,0,D:\locbench\analyzer\runs\fastapi\agent_batch\20260126_205121\597b435a_20260126_205131\history.json,0,0,0.0,0,0,0,0,0,True,0,D:\locbench\analyzer\runs\fastapi\agent_batch\20260126_205121\597b435a_20260126_205131\docstring_patch_597b435a.diff,0,0,2189,2,0,True
0,0,74cc27fd,2137,0,D:\locbench\analyzer\runs\fastapi\agent_batch\20260126_205121\74cc27fd_20260126_205133\history.json,0,0,0.0,0,0,0,0,0,True,0,D:\locbench\analyzer\runs\fastapi\agent_batch\20260126_205121\74cc27fd_20260126_205133\docstring_patch_74cc27fd.diff,0,0,2315,2,0,True
0,0,f1a39cab,2102,0,D:\locbench\analyzer\runs\fastapi\agent_batch\20260126_205121\f1a39cab_20260126_205135\history.json,0,0,0.0,0,0,0,0,0,True,0,D:\locbench\analyzer\runs\fastapi\agent_batch\20260126_205121\f1a39cab_20260126_205135\docstring_patch_f1a39cab.diff,0,0,2219,2,0,True
0,0,509afeb4,2146,0,D:\locbench\analyzer\runs\fastapi\agent_batch\20260126_205121\509afeb4_20260126_205138\history.json,0,0,0.0,0,0,0,0,0,True,0,D:\locbench\analyzer\runs\fastapi\agent_batch\20260126_205121\509afeb4_20260126_205138\docstring_patch_509afeb4.diff,0,0,2259,2,0,True
0,0,6e47171e,2183,0,D:\locbench\analyzer\runs\fastapi\agent_batch\20260126_205121\6e47171e_20260126_205140\history.json,0,0,0.0,0,0,0,0,0,True,0,D:\locbench\analyzer\runs\fastapi\agent_batch\20260126_205121\6e47171e_20260126_205140\docstring_patch_6e47171e.diff,0,0,2299,2,0,True
0,0,b9b75ba5,2168,0,D:\locbench\analyzer\runs\fastapi\agent_batch\20260126_205121\b9b75ba5_20260126_205142\history.json,0,0,0.0,0,0,0,0,0,True,0,D:\locbench\analyzer\runs\fastapi\agent_batch\20260126_205121\b9b75ba5_20260126_205142\docstring_patch_b9b75ba5.diff,0,0,2283,2,0,True
0,0,e0abd210,2126,0,D:\locbench\analyzer\runs\fastapi\agent_batch\20260126_205121\e0abd210_20260126_205145\history.json,0,0,0.0,0,0,0,0,0,True,0,D:\locbench\analyzer\runs\fastapi\agent_batch\20260126_205121\e0abd210_20260126_205145\docstring_patch_e0abd210.diff,0,0,2236,2,0,True
0,0,2eb978b8,2052,0,D:\locbench\analyzer\runs\fastapi\agent_batch\20260126_205121\2eb978b8_20260126_205147\history.json,0,0,0.0,0,0,0,0,0,True,0,D:\locbench\analyzer\runs\fastapi\agent_batch\20260126_205121\2eb978b8_20260126_205147\docstring_patch_2eb978b8.diff,0,0,2164,2,0,True
0,0,50a78bf8,2166,0,D:\locbench\analyzer\runs\fastapi\agent_batch\20260126_205121\50a78bf8_20260126_205149\history.json,0,0,0.0,0,0,0,0,0,True,0,D:\locbench\analyzer\runs\fastapi\agent_batch\20260126_205121\50a78bf8_20260126_205149\docstring_patch_50a78bf8.diff,0,0,2285,2,0,True
0,0,2d459e48,2161,0,D:\locbench\analyzer\runs\fastapi\agent_batch\20260126_205121\2d459e48_20260126_205151\history.json,0,0,0.0,0,0,0,0,0,True,0,D:\locbench\analyzer\runs\fastapi\agent_batch\20260126_205121\2d459e48_20260126_205151\docstring_patch_2d459e48.diff,0,0,2280,2,0,True
0,0,7faa7089,2204,0,D:\locbench\analyzer\runs\fastapi\agent_batch\20260126_205121\7faa7089_20260126_205154\history.json,0,0,0.0,0,0,0,0,0,True,0,D:\locbench\analyzer\runs\fastapi\agent_batch\20260126_205121\7faa7089_20260126_205154\docstring_patch_7faa7089.diff,0,0,2322,2,0,True
0,0,0ab68a76,2160,0,D:\locbench\analyzer\runs\fastapi\agent_batch\20260126_205121\0ab68a76_20260126_205156\history.json,0,0,0.0,0,0,0,0,0,True,0,D:\locbench\analyzer\runs\fastapi\agent_batch\20260126_205121\0ab68a76_20260126_205156\docstring_patch_0ab68a76.diff,0,0,2269,2,0,True
0,0,7443bc7a,2047,0,D:\locbench\analyzer\runs\fastapi\agent_batch\20260126_205121\7443bc7a_20260126_205158\history.json,0,0,0.0,0,0,0,0,0,True,0,D:\locbench\analyzer\runs\fastapi\agent_batch\20260126_205121\7443bc7a_20260126_205158\docstring_patch_7443bc7a.diff,0,0,2168,2,0,True
0,0,6afb15c5,2043,0,D:\locbench\analyzer\runs\fastapi\agent_batch\20260126_205121\6afb15c5_20260126_205200\history.json,0,0,0.0,0,0,0,0,0,True,0,D:\locbench\analyzer\runs\fastapi\agent_batch\20260126_205121\6afb15c5_20260126_205200\docstring_patch_6afb15c5.diff,0,0,2158,2,0,True
0,0,ad6b2901,2100,0,D:\locbench\analyzer\runs\fastapi\agent_batch\20260126_205121\ad6b2901_20260126_205203\history.json,0,0,0.0,0,0,0,0,0,True,0,D:\locbench\analyzer\runs\fastapi\agent_batch\20260126_205121\ad6b2901_20260126_205203\docstring_patch_ad6b2901.diff,0,0,2210,2,0,True
0,0,463a3a24,2241,0,D:\locbench\analyzer\runs\fastapi\agent_batch\20260126_205121\463a3a24_20260126_205205\history.json,0,0,0.0,0,0,0,0,0,True,0,D:\locbench\analyzer\runs\fastapi\agent_batch\20260126_205121\463a3a24_20260126_205205\docstring_patch_463a3a24.diff,0,0,2362,2,0,True
0,0,db5441eb,2049,0,D:\locbench\analyzer\runs\fastapi\agent_batch\20260126_205121\db5441eb_20260126_205207\history.json,0,0,0.0,0,0,0,0,0,True,0,D:\locbench\analyzer\runs\fastapi\agent_batch\20260126_205121\db5441eb_20260126_205207\docstring_patch_db5441eb.diff,0,0,2160,2,0,True
0,0,536a5baf,2024,0,D:\locbench\analyzer\runs\fastapi\agent_batch\20260126_205121\536a5baf_20260126_205209\history.json,0,0,0.0,0,0,0,0,0,True,0,D:\locbench\analyzer\runs\fastapi\agent_batch\20260126_205121\536a5baf_20260126_205209\docstring_patch_536a5baf.diff,0,0,2135,2,0,True
0,0,0c7f2b66,2080,0,D:\locbench\analyzer\runs\fastapi\agent_batch\20260126_205121\0c7f2b66_20260126_205212\history.json,0,0,0.0,0,0,0,0,0,True,0,D:\locbench\analyzer\runs\fastapi\agent_batch\20260126_205121\0c7f2b66_20260126_205212\docstring_patch_0c7f2b66.diff,0,0,2189,2,0,True
0,0,9fec7268,2039,0,D:\locbench\analyzer\runs\fastapi\agent_batch\20260126_205121\9fec7268_20260126_205214\history.json,0,0,0.0,0,0,0,0,0,True,0,D:\locbench\analyzer\runs\fastapi\agent_batch\20260126_205121\9fec7268_20260126_205214\docstring_patch_9fec7268.diff,0,0,2151,2,0,True
0,0,8fa635c7,2010,0,D:\locbench\analyzer\runs\fastapi\agent_batch\20260126_205121\8fa635c7_20260126_205216\history.json,0,0,0.0,0,0,0,0,0,True,0,D:\locbench\analyzer\runs\fastapi\agent_batch\20260126_205121\8fa635c7_20260126_205216\docstring_patch_8fa635c7.diff,0,0,2121,2,0,True
0,0,fb15bba8,2047,0,D:\locbench\analyzer\runs\fastapi\agent_batch\20260126_205121\fb15bba8_20260126_205218\history.json,0,0,0.0,0,0,0,0,0,True,0,D:\locbench\analyzer\runs\fastapi\agent_batch\20260126_205121\fb15bba8_20260126_205218\docstring_patch_fb15bba8.diff,0,0,2158,2,0,True
0,0,23bcfa09,2043,0,D:\locbench\analyzer\runs\fastapi\agent_batch\20260126_205121\23bcfa09_20260126_205220\history.json,0,0,0.0,0,0,0,0,0,True,0,D:\locbench\analyzer\runs\fastapi\agent_batch\20260126_205121\23bcfa09_20260126_205220\docstring_patch_23bcfa09.diff,0,0,2156,2,0,True
0,0,f317ede2,2066,0,D:\locbench\analyzer\runs\fastapi\agent_batch\20260126_205121\f317ede2_20260126_205222\history.json,0,0,0.0,0,0,0,0,0,True,0,D:\locbench\analyzer\runs\fastapi\agent_batch\20260126_205121\f317ede2_20260126_205222\docstring_patch_f317ede2.diff,0,0,2176,2,0,True
0,0,c597d9cb,2060,0,D:\locbench\analyzer\runs\fastapi\agent_batch\20260126_205121\c597d9cb_20260126_205225\history.json,0,0,0.0,0,0,0,0,0,True,0,D:\locbench\analyzer\runs\fastapi\agent_batch\20260126_205121\c597d9cb_20260126_205225\docstring_patch_c597d9cb.diff,0,0,2172,2,0,True
0,0,a96dd013,2116,0,D:\locbench\analyzer\runs\fastapi\agent_batch\20260126_205121\a96dd013_20260126_205227\history.json,0,0,0.0,0,0,0,0,0,True,0,D:\locbench\analyzer\runs\fastapi\agent_batch\20260126_205121\a96dd013_20260126_205227\docstring_patch_a96dd013.diff,0,0,2226,2,0,True
0,0,a456e92a,2267,0,D:\locbench\analyzer\runs\fastapi\agent_batch\20260126_205121\a456e92a_20260126_205229\history.json,0,0,0.0,0,0,0,0,0,True,0,D:\locbench\analyzer\runs\fastapi\agent_batch\20260126_205121\a456e92a_20260126_205229\docstring_patch_a456e92a.diff,0,0,2393,2,0,True
0,0,1be80f48,2214,0,D:\locbench\analyzer\runs\fastapi\agent_batch\20260126_205121\1be80f48_20260126_205231\history.json,0,0,0.0,0,0,0,0,0,True,0,D:\locbench\analyzer\runs\fastapi\agent_batch\20260126_205121\1be80f48_20260126_205231\docstring_patch_1be80f48.diff,0,0,2331,2,0,True
0,0,e63f382b,2104,0,D:\locbench\analyzer\runs\fastapi\agent_batch\20260126_205121\e63f382b_20260126_205234\history.json,0,0,0.0,0,0,0,0,0,True,0,D:\locbench\analyzer\runs\fastapi\agent_batch\20260126_205121\e63f382b_20260126_205234\docstring_patch_e63f382b.diff,0,0,2237,2,0,True
0,0,7b864acf,2310,0,D:\locbench\analyzer\runs\fastapi\agent_batch\20260126_205121\7b864acf_20260126_205236\history.json,0,0,0.0,0,0,0,0,0,True,0,D:\locbench\analyzer\runs\fastapi\agent_batch\20260126_205121\7b864acf_20260126_205236\docstring_patch_7b864acf.diff,0,0,2434,2,0,True
0,0,e9e0419e,2145,0,D:\locbench\analyzer\runs\fastapi\agent_batch\20260126_205121\e9e0419e_20260126_205238\history.json,0,0,0.0,0,0,0,0,0,True,0,D:\locbench\analyzer\runs\fastapi\agent_batch\20260126_205121\e9e0419e_20260126_205238\docstring_patch_e9e0419e.diff,0,0,2268,2,0,True
0,0,249a776b,2243,0,D:\locbench\analyzer\runs\fastapi\agent_batch\20260126_205121\249a776b_20260126_205241\history.json,0,0,0.0,0,0,0,0,0,True,0,D:\locbench\analyzer\runs\fastapi\agent_batch\20260126_205121\249a776b_20260126_205241\docstring_patch_249a776b.diff,0,0,2354,2,0,True
0,0,97aa8254,2311,0,D:\locbench\analyzer\runs\fastapi\agent_batch\20260126_205121\97aa8254_20260126_205243\history.json,0,0,0.0,0,0,0,0,0,True,0,D:\locbench\analyzer\runs\fastapi\agent_batch\20260126_205121\97aa8254_20260126_205243\docstring_patch_97aa8254.diff,0,0,2443,2,0,True
0,1,1054fbd2,2628,1,D:\locbench\analyzer\runs\fastapi\agent_batch\20260126_205121\1054fbd2_20260126_205246\history.json,13,82,0.6029411764705882,41,136,0,0,0,True,0,D:\locbench\analyzer\runs\fastapi\agent_batch\20260126_205121\1054fbd2_20260126_205246\docstring_patch_1054fbd2.diff,0,0,3472,3,0,True
0,0,effe493a,2187,0,D:\locbench\analyzer\runs\fastapi\agent_batch\20260126_205121\effe493a_20260126_205249\history.json,0,0,0.0,0,0,0,0,0,True,0,D:\locbench\analyzer\runs\fastapi\agent_batch\20260126_205121\effe493a_20260126_205249\docstring_patch_effe493a.diff,0,0,2309,2,0,True
0,0,612a2d20,2308,0,D:\locbench\analyzer\runs\fastapi\agent_batch\20260126_205121\612a2d20_20260126_205251\history.json,0,0,0.0,0,0,0,0,0,True,0,D:\locbench\analyzer\runs\fastapi\agent_batch\20260126_205121\612a2d20_20260126_205251\docstring_patch_612a2d20.diff,0,0,2420,2,0,True
0,0,14f30687,2258,0,D:\locbench\analyzer\runs\fastapi\agent_batch\20260126_205121\14f30687_20260126_205254\history.json,0,0,0.0,0,0,0,0,0,True,0,D:\locbench\analyzer\runs\fastapi\agent_batch\20260126_205121\14f30687_20260126_205254\docstring_patch_14f30687.diff,0,0,2377,2,0,True
0,0,d05b18ec,2315,0,D:\locbench\analyzer\runs\fastapi\agent_batch\20260126_205121\d05b18ec_20260126_205256\history.json,0,0,0.0,0,0,0,0,0,True,0,D:\locbench\analyzer\runs\fastapi\agent_batch\20260126_205121\d05b18ec_20260126_205256\docstring_patch_d05b18ec.diff,0,0,2439,2,0,True
0,0,9a76f2fe,2876,0,D:\locbench\analyzer\runs\fastapi\agent_batch\20260126_205121\9a76f2fe_20260126_205259\history.json,0,0,0.0,0,0,0,0,0,True,0,D:\locbench\analyzer\runs\fastapi\agent_batch\20260126_205121\9a76f2fe_20260126_205259\docstring_patch_9a76f2fe.diff,0,0,3026,2,0,True
0,0,0383fb3a,2450,0,D:\locbench\analyzer\runs\fastapi\agent_batch\20260126_205121\0383fb3a_20260126_205302\history.json,0,0,0.0,0,0,0,0,0,True,0,D:\locbench\analyzer\runs\fastapi\agent_batch\20260126_205121\0383fb3a_20260126_205302\docstring_patch_0383fb3a.diff,0,0,2600,2,0,True
0,0,50fa3f7c,2209,0,D:\locbench\analyzer\runs\fastapi\agent_batch\20260126_205121\50fa3f7c_20260126_205304\history.json,0,0,0.0,0,0,0,0,0,True,0,D:\locbench\analyzer\runs\fastapi\agent_batch\20260126_205121\50fa3f7c_20260126_205304\docstring_patch_50fa3f7c.diff,0,0,2335,2,0,True
0,0,5ec2615b,2175,0,D:\locbench\analyzer\runs\fastapi\agent_batch\20260126_205121\5ec2615b_20260126_205307\history.json,0,0,0.0,0,0,0,0,0,True,0,D:\locbench\analyzer\runs\fastapi\agent_batch\20260126_205121\5ec2615b_20260126_205307\docstring_patch_5ec2615b.diff,0,0,2298,2,0,True
0,0,16e58341,2268,0,D:\locbench\analyzer\runs\fastapi\agent_batch\20260126_205121\16e58341_20260126_205309\history.json,0,0,0.0,0,0,0,0,0,True,0,D:\locbench\analyzer\runs\fastapi\agent_batch\20260126_205121\16e58341_20260126_205309\docstring_patch_16e58341.diff,0,0,2381,2,0,True
0,0,1fedd1c7,2259,0,D:\locbench\analyzer\runs\fastapi\agent_batch\20260126_205121\1fedd1c7_20260126_205311\history.json,0,0,0.0,0,0,0,0,0,True,0,D:\locbench\analyzer\runs\fastapi\agent_batch\20260126_205121\1fedd1c7_20260126_205311\docstring_patch_1fedd1c7.diff,0,0,2382,2,0,True
0,1,cf8dc98a,2723,1,D:\locbench\analyzer\runs\fastapi\agent_batch\20260126_205121\cf8dc98a_20260126_205314\history.json,5,33,0.44,37,75,0,0,0,True,0,D:\locbench\analyzer\runs\fastapi\agent_batch\20260126_205121\cf8dc98a_20260126_205314\docstring_patch_cf8dc98a.diff,0,0,2840,3,0,True
0,1,6f977366,3490,1,D:\locbench\analyzer\runs\fastapi\agent_batch\20260126_205121\6f977366_20260126_205317\history.json,5,33,0.44,37,75,0,0,0,True,0,D:\locbench\analyzer\runs\fastapi\agent_batch\20260126_205121\6f977366_20260126_205317\docstring_patch_6f977366.diff,0,0,3632,3,0,True
0,0,154ce03f,2476,0,D:\locbench\analyzer\runs\fastapi\agent_batch\20260126_205121\154ce03f_20260126_205320\history.json,0,0,0.0,0,0,0,0,0,True,0,D:\locbench\analyzer\runs\fastapi\agent_batch\20260126_205121\154ce03f_20260126_205320\docstring_patch_154ce03f.diff,0,0,2612,2,0,True
0,3,49653aa2,2460,1,D:\locbench\analyzer\runs\fastapi\agent_batch\20260126_205121\49653aa2_20260126_205323\history.json,13,63,0.45,64,140,1,1,1,True,9,D:\locbench\analyzer\runs\fastapi\agent_batch\20260126_205121\49653aa2_20260126_205323\docstring_patch_49653aa2.diff,0,9,2593,3,1,True
0,0,f03a1502,2280,0,D:\locbench\analyzer\runs\fastapi\agent_batch\20260126_205121\f03a1502_20260126_205326\history.json,0,0,0.0,0,0,0,0,0,True,0,D:\locbench\analyzer\runs\fastapi\agent_batch\20260126_205121\f03a1502_20260126_205326\docstring_patch_f03a1502.diff,0,0,2408,2,0,True
0,0,a2912ffa,2339,0,D:\locbench\analyzer\runs\fastapi\agent_batch\20260126_205121\a2912ffa_20260126_205328\history.json,0,0,0.0,0,0,0,0,0,True,0,D:\locbench\analyzer\runs\fastapi\agent_batch\20260126_205121\a2912ffa_20260126_205328\docstring_patch_a2912ffa.diff,0,0,2450,2,0,True
0,0,8183e748,2216,0,D:\locbench\analyzer\runs\fastapi\agent_batch\20260126_205121\8183e748_20260126_205330\history.json,0,0,0.0,0,0,0,0,0,True,0,D:\locbench\analyzer\runs\fastapi\agent_batch\20260126_205121\8183e748_20260126_205330\docstring_patch_8183e748.diff,0,0,2353,2,0,True
0,1,cefd5070,2226,1,D:\locbench\analyzer\runs\fastapi\agent_batch\20260126_205121\cefd5070_20260126_205333\history.json,4,29,0.4142857142857143,37,70,0,0,0,True,0,D:\locbench\analyzer\runs\fastapi\agent_batch\20260126_205121\cefd5070_20260126_205333\docstring_patch_cefd5070.diff,0,0,2338,3,0,True
0,0,3d1f9268,2046,0,D:\locbench\analyzer\runs\fastapi\agent_batch\20260126_205121\3d1f9268_20260126_205335\history.json,0,0,0.0,0,0,0,0,0,True,0,D:\locbench\analyzer\runs\fastapi\agent_batch\20260126_205121\3d1f9268_20260126_205335\docstring_patch_3d1f9268.diff,0,0,2167,2,0,True
0,21,7eac6e31,3939,3,D:\locbench\analyzer\runs\fastapi\agent_batch\20260126_205121\7eac6e31_20260126_205337\history.json,58,155,0.545774647887324,71,284,9,3,9,True,43,D:\locbench\analyzer\runs\fastapi\agent_batch\20260126_205121\7eac6e31_20260126_205337\docstring_patch_7eac6e31.diff,0,43,4065,5,9,True
0,0,21d2c5ce,2180,0,D:\locbench\analyzer\runs\fastapi\agent_batch\20260126_205121\21d2c5ce_20260126_205341\history.json,0,0,0.0,0,0,0,0,0,True,0,D:\locbench\analyzer\runs\fastapi\agent_batch\20260126_205121\21d2c5ce_20260126_205341\docstring_patch_21d2c5ce.diff,0,0,2281,2,0,True
0,0,c75ae058,2264,0,D:\locbench\analyzer\runs\fastapi\agent_batch\20260126_205121\c75ae058_20260126_205344\history.json,0,0,0.0,0,0,0,0,0,True,0,D:\locbench\analyzer\runs\fastapi\agent_batch\20260126_205121\c75ae058_20260126_205344\docstring_patch_c75ae058.diff,0,0,2376,2,0,True
0,0,961b2e84,2257,0,D:\locbench\analyzer\runs\fastapi\agent_batch\20260126_205121\961b2e84_20260126_205346\history.json,0,0,0.0,0,0,0,0,0,True,0,D:\locbench\analyzer\runs\fastapi\agent_batch\20260126_205121\961b2e84_20260126_205346\docstring_patch_961b2e84.diff,0,0,2377,2,0,True
0,0,b4ba7f46,1934,0,D:\locbench\analyzer\runs\fastapi\agent_batch\20260126_205121\b4ba7f46_20260126_205349\history.json,0,0,0.0,0,0,0,0,0,True,0,D:\locbench\analyzer\runs\fastapi\agent_batch\20260126_205121\b4ba7f46_20260126_205349\docstring_patch_b4ba7f46.diff,0,0,2040,2,0,True
0,0,c35e1fd4,1985,0,D:\locbench\analyzer\runs\fastapi\agent_batch\20260126_205121\c35e1fd4_20260126_205351\history.json,0,0,0.0,0,0,0,0,0,True,0,D:\locbench\analyzer\runs\fastapi\agent_batch\20260126_205121\c35e1fd4_20260126_205351\docstring_patch_c35e1fd4.diff,0,0,2083,2,0,True
0,22,d1c67c00,4117,2,D:\locbench\analyzer\runs\fastapi\agent_batch\20260126_205121\d1c67c00_20260126_205353\history.json,63,177,0.5145348837209303,104,344,10,2,10,True,52,D:\locbench\analyzer\runs\fastapi\agent_batch\20260126_205121\d1c67c00_20260126_205353\docstring_patch_d1c67c00.diff,0,52,4214,4,10,True
0,0,18762e38,2147,0,D:\locbench\analyzer\runs\fastapi\agent_batch\20260126_205121\18762e38_20260126_205357\history.json,0,0,0.0,0,0,0,0,0,True,0,D:\locbench\analyzer\runs\fastapi\agent_batch\20260126_205121\18762e38_20260126_205357\docstring_patch_18762e38.diff,0,0,2270,2,0,True
0,0,b1db1395,2079,0,D:\locbench\analyzer\runs\fastapi\agent_batch\20260126_205121\b1db1395_20260126_205359\history.json,0,0,0.0,0,0,0,0,0,True,0,D:\locbench\analyzer\runs\fastapi\agent_batch\20260126_205121\b1db1395_20260126_205359\docstring_patch_b1db1395.diff,0,0,2210,2,0,True
0,0,f2687dc1,2132,0,D:\locbench\analyzer\runs\fastapi\agent_batch\20260126_205121\f2687dc1_20260126_205401\history.json,0,0,0.0,0,0,0,0,0,True,0,D:\locbench\analyzer\runs\fastapi\agent_batch\20260126_205121\f2687dc1_20260126_205401\docstring_patch_f2687dc1.diff,0,0,2255,2,0,True
0,0,862c3f4f,2064,0,D:\locbench\analyzer\runs\fastapi\agent_batch\20260126_205121\862c3f4f_20260126_205404\history.json,0,0,0.0,0,0,0,0,0,True,0,D:\locbench\analyzer\runs\fastapi\agent_batch\20260126_205121\862c3f4f_20260126_205404\docstring_patch_862c3f4f.diff,0,0,2171,2,0,True
0,0,052d6e86,2011,0,D:\locbench\analyzer\runs\fastapi\agent_batch\20260126_205121\052d6e86_20260126_205406\history.json,0,0,0.0,0,0,0,0,0,True,0,D:\locbench\analyzer\runs\fastapi\agent_batch\20260126_205121\052d6e86_20260126_205406\docstring_patch_052d6e86.diff,0,0,2106,2,0,True
0,0,31c7ffcd,2009,0,D:\locbench\analyzer\runs\fastapi\agent_batch\20260126_205121\31c7ffcd_20260126_205408\history.json,0,0,0.0,0,0,0,0,0,True,0,D:\locbench\analyzer\runs\fastapi\agent_batch\20260126_205121\31c7ffcd_20260126_205408\docstring_patch_31c7ffcd.diff,0,0,2106,2,0,True
0,0,6854be9e,2068,0,D:\locbench\analyzer\runs\fastapi\agent_batch\20260126_205121\6854be9e_20260126_205410\history.json,0,0,0.0,0,0,0,0,0,True,0,D:\locbench\analyzer\runs\fastapi\agent_batch\20260126_205121\6854be9e_20260126_205410\docstring_patch_6854be9e.diff,0,0,2164,2,0,True
0,0,258deb92,1939,0,D:\locbench\analyzer\runs\fastapi\agent_batch\20260126_205121\258deb92_20260126_205412\history.json,0,0,0.0,0,0,0,0,0,True,0,D:\locbench\analyzer\runs\fastapi\agent_batch\20260126_205121\258deb92_20260126_205412\docstring_patch_258deb92.diff,0,0,2040,2,0,True
0,0,53d2453d,2143,0,D:\locbench\analyzer\runs\fastapi\agent_batch\20260126_205121\53d2453d_20260126_205414\history.json,0,0,0.0,0,0,0,0,0,True,0,D:\locbench\analyzer\runs\fastapi\agent_batch\20260126_205121\53d2453d_20260126_205414\docstring_patch_53d2453d.diff,0,0,2269,2,0,True
0,1,d9b7b65b,2505,1,D:\locbench\analyzer\runs\fastapi\agent_batch\20260126_205121\d9b7b65b_20260126_205417\history.json,4,29,0.4142857142857143,37,70,0,0,0,True,0,D:\locbench\analyzer\runs\fastapi\agent_batch\20260126_205121\d9b7b65b_20260126_205417\docstring_patch_d9b7b65b.diff,0,0,2639,3,0,True
0,0,9ed5f246,1912,0,D:\locbench\analyzer\runs\fastapi\agent_batch\20260126_205121\9ed5f246_20260126_205419\history.json,0,0,0.0,0,0,0,0,0,True,0,D:\locbench\analyzer\runs\fastapi\agent_batch\20260126_205121\9ed5f246_20260126_205419\docstring_patch_9ed5f246.diff,0,0,2037,2,0,True
0,0,edf79957,1973,0,D:\locbench\analyzer\runs\fastapi\agent_batch\20260126_205121\edf79957_20260126_205421\history.json,0,0,0.0,0,0,0,0,0,True,0,D:\locbench\analyzer\runs\fastapi\agent_batch\20260126_205121\edf79957_20260126_205421\docstring_patch_edf79957.diff,0,0,2092,2,0,True
0,0,47391ea8,1965,0,D:\locbench\analyzer\runs\fastapi\agent_batch\20260126_205121\47391ea8_20260126_205423\history.json,0,0,0.0,0,0,0,0,0,True,0,D:\locbench\analyzer\runs\fastapi\agent_batch\20260126_205121\47391ea8_20260126_205423\docstring_patch_47391ea8.diff,0,0,2064,2,0,True
0,3,3b1b4f03,2079,1,D:\locbench\analyzer\runs\fastapi\agent_batch\20260126_205121\3b1b4f03_20260126_205426\history.json,13,63,0.45,64,140,1,1,1,True,8,D:\locbench\analyzer\runs\fastapi\agent_batch\20260126_205121\3b1b4f03_20260126_205426\docstring_patch_3b1b4f03.diff,0,8,2177,3,1,True
0,0,f362fdc2,1868,0,D:\locbench\analyzer\runs\fastapi\agent_batch\20260126_205121\f362fdc2_20260126_205428\history.json,0,0,0.0,0,0,0,0,0,True,0,D:\locbench\analyzer\runs\fastapi\agent_batch\20260126_205121\f362fdc2_20260126_205428\docstring_patch_f362fdc2.diff,0,0,1964,2,0,True
0,0,4ce34686,1845,0,D:\locbench\analyzer\runs\fastapi\agent_batch\20260126_205121\4ce34686_20260126_205430\history.json,0,0,0.0,0,0,0,0,0,True,0,D:\locbench\analyzer\runs\fastapi\agent_batch\20260126_205121\4ce34686_20260126_205430\docstring_patch_4ce34686.diff,0,0,1938,2,0,True
0,0,dbe83f39,1816,0,D:\locbench\analyzer\runs\fastapi\agent_batch\20260126_205121\dbe83f39_20260126_205432\history.json,0,0,0.0,0,0,0,0,0,True,0,D:\locbench\analyzer\runs\fastapi\agent_batch\20260126_205121\dbe83f39_20260126_205432\docstring_patch_dbe83f39.diff,0,0,1907,2,0,True
0,0,13743e11,1886,0,D:\locbench\analyzer\runs\fastapi\agent_batch\20260126_205121\13743e11_20260126_205434\history.json,0,0,0.0,0,0,0,0,0,True,0,D:\locbench\analyzer\runs\fastapi\agent_batch\20260126_205121\13743e11_20260126_205434\docstring_patch_13743e11.diff,0,0,1979,2,0,True
0,0,52842fb8,1821,0,D:\locbench\analyzer\runs\fastapi\agent_batch\20260126_205121\52842fb8_20260126_205436\history.json,0,0,0.0,0,0,0,0,0,True,0,D:\locbench\analyzer\runs\fastapi\agent_batch\20260126_205121\52842fb8_20260126_205436\docstring_patch_52842fb8.diff,0,0,1914,2,0,True
0,0,4d4fb28f,1826,0,D:\locbench\analyzer\runs\fastapi\agent_batch\20260126_205121\4d4fb28f_20260126_205437\history.json,0,0,0.0,0,0,0,0,0,True,0,D:\locbench\analyzer\runs\fastapi\agent_batch\20260126_205121\4d4fb28f_20260126_205437\docstring_patch_4d4fb28f.diff,0,0,1919,2,0,True
0,0,a1735d6d,1801,0,D:\locbench\analyzer\runs\fastapi\agent_batch\20260126_205121\a1735d6d_20260126_205439\history.json,0,0,0.0,0,0,0,0,0,True,0,D:\locbench\analyzer\runs\fastapi\agent_batch\20260126_205121\a1735d6d_20260126_205439\docstring_patch_a1735d6d.diff,0,0,1895,2,0,True
0,0,1b426392,2321,0,D:\locbench\analyzer\runs\fastapi\agent_batch\20260126_205121\1b426392_20260126_205441\history.json,0,0,0.0,0,0,0,0,0,True,0,D:\locbench\analyzer\runs\fastapi\agent_batch\20260126_205121\1b426392_20260126_205441\docstring_patch_1b426392.diff,0,0,2416,2,0,True
0,0,ded035a4,2104,0,D:\locbench\analyzer\runs\fastapi\agent_batch\20260126_205121\ded035a4_20260126_205444\history.json,0,0,0.0,0,0,0,0,0,True,0,D:\locbench\analyzer\runs\fastapi\agent_batch\20260126_205121\ded035a4_20260126_205444\docstring_patch_ded035a4.diff,0,0,2207,2,0,True
0,0,44c849c4,13498,0,D:\locbench\analyzer\runs\fastapi\agent_batch\20260126_205121\44c849c4_20260126_205446\history.json,0,0,0.0,0,0,0,0,0,True,0,D:\locbench\analyzer\runs\fastapi\agent_batch\20260126_205121\44c849c4_20260126_205446\docstring_patch_44c849c4.diff,0,0,13597,2,0,True
0,1,8322a444,2622,1,D:\locbench\analyzer\runs\fastapi\agent_batch\20260126_205121\8322a444_20260126_205500\history.json,0,1,1.0,0,1,0,0,0,True,0,D:\locbench\analyzer\runs\fastapi\agent_batch\20260126_205121\8322a444_20260126_205500\docstring_patch_8322a444.diff,0,0,2753,3,0,True
0,0,4b2cfcfd,2460,0,D:\locbench\analyzer\runs\fastapi\agent_batch\20260126_205121\4b2cfcfd_20260126_205502\history.json,0,0,0.0,0,0,0,0,0,True,0,D:\locbench\analyzer\runs\fastapi\agent_batch\20260126_205121\4b2cfcfd_20260126_205502\docstring_patch_4b2cfcfd.diff,0,0,2586,2,0,True
0,129,e3006305,12588,29,D:\locbench\analyzer\runs\fastapi\agent_batch\20260126_205121\e3006305_20260126_205505\history.json,209,415,0.515527950310559,181,805,50,10,50,True,747,D:\locbench\analyzer\runs\fastapi\agent_batch\20260126_205121\e3006305_20260126_205505\docstring_patch_e3006305.diff,0,747,12724,31,50,True
0,0,1b3bea8b,2424,0,D:\locbench\analyzer\runs\fastapi\agent_batch\20260126_205121\1b3bea8b_20260126_205518\history.json,0,0,0.0,0,0,0,0,0,True,0,D:\locbench\analyzer\runs\fastapi\agent_batch\20260126_205121\1b3bea8b_20260126_205518\docstring_patch_1b3bea8b.diff,0,0,2563,2,0,True
0,0,34e88415,2453,0,D:\locbench\analyzer\runs\fastapi\agent_batch\20260126_205121\34e88415_20260126_205520\history.json,0,0,0.0,0,0,0,0,0,True,0,D:\locbench\analyzer\runs\fastapi\agent_batch\20260126_205121\34e88415_20260126_205520\docstring_patch_34e88415.diff,0,0,2572,2,0,True
0,1,cd90c783,2498,1,D:\locbench\analyzer\runs\fastapi\agent_batch\20260126_205121\cd90c783_20260126_205523\history.json,0,1,1.0,0,1,0,0,0,True,0,D:\locbench\analyzer\runs\fastapi\agent_batch\20260126_205121\cd90c783_20260126_205523\docstring_patch_cd90c783.diff,0,0,2622,3,0,True
0,0,93f4dfd8,2320,0,D:\locbench\analyzer\runs\fastapi\agent_batch\20260126_205121\93f4dfd8_20260126_205526\history.json,0,0,0.0,0,0,0,0,0,True,0,D:\locbench\analyzer\runs\fastapi\agent_batch\20260126_205121\93f4dfd8_20260126_205526\docstring_patch_93f4dfd8.diff,0,0,2429,2,0,True
0,51,535b5daa,6328,9,D:\locbench\analyzer\runs\fastapi\agent_batch\20260126_205121\535b5daa_20260126_205528\history.json,68,194,0.708029197080292,12,274,21,5,21,True,227,D:\locbench\analyzer\runs\fastapi\agent_batch\20260126_205121\535b5daa_20260126_205528\docstring_patch_535b5daa.diff,0,227,6460,11,21,True
0,0,6b53786f,2372,0,D:\locbench\analyzer\runs\fastapi\agent_batch\20260126_205121\6b53786f_20260126_205534\history.json,0,0,0.0,0,0,0,0,0,True,0,D:\locbench\analyzer\runs\fastapi\agent_batch\20260126_205121\6b53786f_20260126_205534\docstring_patch_6b53786f.diff,0,0,2500,2,0,True
0,0,d98f4eb5,2223,0,D:\locbench\analyzer\runs\fastapi\agent_batch\20260126_205121\d98f4eb5_20260126_205537\history.json,0,0,0.0,0,0,0,0,0,True,0,D:\locbench\analyzer\runs\fastapi\agent_batch\20260126_205121\d98f4eb5_20260126_205537\docstring_patch_d98f4eb5.diff,0,0,2359,2,0,True
0,0,8cefc4b7,2009,0,D:\locbench\analyzer\runs\fastapi\agent_batch\20260126_205121\8cefc4b7_20260126_205539\history.json,0,0,0.0,0,0,0,0,0,True,0,D:\locbench\analyzer\runs\fastapi\agent_batch\20260126_205121\8cefc4b7_20260126_205539\docstring_patch_8cefc4b7.diff,0,0,2096,2,0,True
0,0,3063ada7,12125,0,D:\locbench\analyzer\runs\fastapi\agent_batch\20260126_205121\3063ada7_20260126_205541\history.json,0,0,0.0,0,0,0,0,0,True,0,D:\locbench\analyzer\runs\fastapi\agent_batch\20260126_205121\3063ada7_20260126_205541\docstring_patch_3063ada7.diff,0,0,12252,2,0,True
0,0,5eb8d6ed,2088,0,D:\locbench\analyzer\runs\fastapi\agent_batch\20260126_205121\5eb8d6ed_20260126_205554\history.json,0,0,0.0,0,0,0,0,0,True,0,D:\locbench\analyzer\runs\fastapi\agent_batch\20260126_205121\5eb8d6ed_20260126_205554\docstring_patch_5eb8d6ed.diff,0,0,2200,2,0,True
0,0,7c751a2e,2253,0,D:\locbench\analyzer\runs\fastapi\agent_batch\20260126_205121\7c751a2e_20260126_205556\history.json,0,0,0.0,0,0,0,0,0,True,0,D:\locbench\analyzer\runs\fastapi\agent_batch\20260126_205121\7c751a2e_20260126_205556\docstring_patch_7c751a2e.diff,0,0,2376,2,0,True
0,0,55b556a7,2200,0,D:\locbench\analyzer\runs\fastapi\agent_batch\20260126_205121\55b556a7_20260126_205558\history.json,0,0,0.0,0,0,0,0,0,True,0,D:\locbench\analyzer\runs\fastapi\agent_batch\20260126_205121\55b556a7_20260126_205558\docstring_patch_55b556a7.diff,0,0,2377,2,0,True
0,0,a4d04c9b,2024,0,D:\locbench\analyzer\runs\fastapi\agent_batch\20260126_205121\a4d04c9b_20260126_205601\history.json,0,0,0.0,0,0,0,0,0,True,0,D:\locbench\analyzer\runs\fastapi\agent_batch\20260126_205121\a4d04c9b_20260126_205601\docstring_patch_a4d04c9b.diff,0,0,2145,2,0,True
0,0,23caa270,2325,0,D:\locbench\analyzer\runs\fastapi\agent_batch\20260126_205121\23caa270_20260126_205603\history.json,0,0,0.0,0,0,0,0,0,True,0,D:\locbench\analyzer\runs\fastapi\agent_batch\20260126_205121\23caa270_20260126_205603\docstring_patch_23caa270.diff,0,0,2433,2,0,True
0,0,c264467e,2272,0,D:\locbench\analyzer\runs\fastapi\agent_batch\20260126_205121\c264467e_20260126_205605\history.json,0,0,0.0,0,0,0,0,0,True,0,D:\locbench\analyzer\runs\fastapi\agent_batch\20260126_205121\c264467e_20260126_205605\docstring_patch_c264467e.diff,0,0,2413,2,0,True
0,0,2b212ddd,2491,0,D:\locbench\analyzer\runs\fastapi\agent_batch\20260126_205121\2b212ddd_20260126_205608\history.json,0,0,0.0,0,0,0,0,0,True,0,D:\locbench\analyzer\runs\fastapi\agent_batch\20260126_205121\2b212ddd_20260126_205608\docstring_patch_2b212ddd.diff,0,0,2627,2,0,True
0,0,7203e860,2296,0,D:\locbench\analyzer\runs\fastapi\agent_batch\20260126_205121\7203e860_20260126_205610\history.json,0,0,0.0,0,0,0,0,0,True,0,D:\locbench\analyzer\runs\fastapi\agent_batch\20260126_205121\7203e860_20260126_205610\docstring_patch_7203e860.diff,0,0,2419,2,0,True
0,0,e55f223b,2525,0,D:\locbench\analyzer\runs\fastapi\agent_batch\20260126_205121\e55f223b_20260126_205613\history.json,0,0,0.0,0,0,0,0,0,True,0,D:\locbench\analyzer\runs\fastapi\agent_batch\20260126_205121\e55f223b_20260126_205613\docstring_patch_e55f223b.diff,0,0,2657,2,0,True
0,0,a329baaa,2403,0,D:\locbench\analyzer\runs\fastapi\agent_batch\20260126_205121\a329baaa_20260126_205616\history.json,0,0,0.0,0,0,0,0,0,True,0,D:\locbench\analyzer\runs\fastapi\agent_batch\20260126_205121\a329baaa_20260126_205616\docstring_patch_a329baaa.diff,0,0,2539,2,0,True
0,0,a7a0aee9,2524,0,D:\locbench\analyzer\runs\fastapi\agent_batch\20260126_205121\a7a0aee9_20260126_205618\history.json,0,0,0.0,0,0,0,0,0,True,0,D:\locbench\analyzer\runs\fastapi\agent_batch\20260126_205121\a7a0aee9_20260126_205618\docstring_patch_a7a0aee9.diff,0,0,2648,2,0,True
0,0,6539b80d,2523,0,D:\locbench\analyzer\runs\fastapi\agent_batch\20260126_205121\6539b80d_20260126_205621\history.json,0,0,0.0,0,0,0,0,0,True,0,D:\locbench\analyzer\runs\fastapi\agent_batch\20260126_205121\6539b80d_20260126_205621\docstring_patch_6539b80d.diff,0,0,2656,2,0,True
0,0,e1bd9f3e,2439,0,D:\locbench\analyzer\runs\fastapi\agent_batch\20260126_205121\e1bd9f3e_20260126_205623\history.json,0,0,0.0,0,0,0,0,0,True,0,D:\locbench\analyzer\runs\fastapi\agent_batch\20260126_205121\e1bd9f3e_20260126_205623\docstring_patch_e1bd9f3e.diff,0,0,2570,2,0,True
0,9,b9b2793b,2803,1,D:\locbench\analyzer\runs\fastapi\agent_batch\20260126_205121\b9b2793b_20260126_205626\history.json,48,93,0.5027027027027027,44,185,4,1,4,True,4,D:\locbench\analyzer\runs\fastapi\agent_batch\20260126_205121\b9b2793b_20260126_205626\docstring_patch_b9b2793b.diff,0,4,2948,3,4,True
0,1,c4a1ab50,2736,1,D:\locbench\analyzer\runs\fastapi\agent_batch\20260126_205121\c4a1ab50_20260126_205629\history.json,0,1,1.0,0,1,0,0,0,True,0,D:\locbench\analyzer\runs\fastapi\agent_batch\20260126_205121\c4a1ab50_20260126_205629\docstring_patch_c4a1ab50.diff,0,0,2874,3,0,True
0,0,22c7200e,1936,0,D:\locbench\analyzer\runs\fastapi\agent_batch\20260126_205121\22c7200e_20260126_205632\history.json,0,0,0.0,0,0,0,0,0,True,0,D:\locbench\analyzer\runs\fastapi\agent_batch\20260126_205121\22c7200e_20260126_205632\docstring_patch_22c7200e.diff,0,0,2029,2,0,True
0,41,6e42bcd8,4863,7,D:\locbench\analyzer\runs\fastapi\agent_batch\20260126_205121\6e42bcd8_20260126_205634\history.json,57,133,0.6584158415841584,12,202,17,3,17,True,144,D:\locbench\analyzer\runs\fastapi\agent_batch\20260126_205121\6e42bcd8_20260126_205634\docstring_patch_6e42bcd8.diff,0,144,4959,9,17,True
0,0,6513d4da,1953,0,D:\locbench\analyzer\runs\fastapi\agent_batch\20260126_205121\6513d4da_20260126_205639\history.json,0,0,0.0,0,0,0,0,0,True,0,D:\locbench\analyzer\runs\fastapi\agent_batch\20260126_205121\6513d4da_20260126_205639\docstring_patch_6513d4da.diff,0,0,2070,2,0,True
0,13,1d93d531,2268,1,D:\locbench\analyzer\runs\fastapi\agent_batch\20260126_205121\1d93d531_20260126_205641\history.json,23,59,0.4068965517241379,63,145,6,1,6,True,28,D:\locbench\analyzer\runs\fastapi\agent_batch\20260126_205121\1d93d531_20260126_205641\docstring_patch_1d93d531.diff,0,28,2387,3,6,True
0,0,c2c1cc8a,2095,0,D:\locbench\analyzer\runs\fastapi\agent_batch\20260126_205121\c2c1cc8a_20260126_205643\history.json,0,0,0.0,0,0,0,0,0,True,0,D:\locbench\analyzer\runs\fastapi\agent_batch\20260126_205121\c2c1cc8a_20260126_205643\docstring_patch_c2c1cc8a.diff,0,0,2205,2,0,True
0,0,52892592,2179,0,D:\locbench\analyzer\runs\fastapi\agent_batch\20260126_205121\52892592_20260126_205646\history.json,0,0,0.0,0,0,0,0,0,True,0,D:\locbench\analyzer\runs\fastapi\agent_batch\20260126_205121\52892592_20260126_205646\docstring_patch_52892592.diff,0,0,2403,2,0,True
0,0,5783910d,8923,0,D:\locbench\analyzer\runs\fastapi\agent_batch\20260126_205121\5783910d_20260126_205649\history.json,0,0,0.0,0,0,0,0,0,True,0,D:\locbench\analyzer\runs\fastapi\agent_batch\20260126_205121\5783910d_20260126_205649\docstring_patch_5783910d.diff,0,0,10460,2,0,True
0,0,026b43e5,11395,0,D:\locbench\analyzer\runs\fastapi\agent_batch\20260126_205121\026b43e5_20260126_205659\history.json,0,0,0.0,0,0,0,0,0,True,0,D:\locbench\analyzer\runs\fastapi\agent_batch\20260126_205121\026b43e5_20260126_205659\docstring_patch_026b43e5.diff,0,0,11925,2,0,True
0,0,6b591ddd,2213,0,D:\locbench\analyzer\runs\fastapi\agent_batch\20260126_205121\6b591ddd_20260126_205710\history.json,0,0,0.0,0,0,0,0,0,True,0,D:\locbench\analyzer\runs\fastapi\agent_batch\20260126_205121\6b591ddd_20260126_205710\docstring_patch_6b591ddd.diff,0,0,2360,2,0,True
0,1,10252b19,2414,1,D:\locbench\analyzer\runs\fastapi\agent_batch\20260126_205121\10252b19_20260126_205713\history.json,0,1,1.0,0,1,0,0,0,True,0,D:\locbench\analyzer\runs\fastapi\agent_batch\20260126_205121\10252b19_20260126_205713\docstring_patch_10252b19.diff,0,0,2534,3,0,True
0,0,55ec28b8,2378,0,D:\locbench\analyzer\runs\fastapi\agent_batch\20260126_205121\55ec28b8_20260126_205715\history.json,0,0,0.0,0,0,0,0,0,True,0,D:\locbench\analyzer\runs\fastapi\agent_batch\20260126_205121\55ec28b8_20260126_205715\docstring_patch_55ec28b8.diff,0,0,2489,2,0,True
0,0,1cb4e256,2139,0,D:\locbench\analyzer\runs\fastapi\agent_batch\20260126_205121\1cb4e256_20260126_205718\history.json,0,0,0.0,0,0,0,0,0,True,0,D:\locbench\analyzer\runs\fastapi\agent_batch\20260126_205121\1cb4e256_20260126_205718\docstring_patch_1cb4e256.diff,0,0,2256,2,0,True
0,0,eac57f69,2102,0,D:\locbench\analyzer\runs\fastapi\agent_batch\20260126_205121\eac57f69_20260126_205720\history.json,0,0,0.0,0,0,0,0,0,True,0,D:\locbench\analyzer\runs\fastapi\agent_batch\20260126_205121\eac57f69_20260126_205720\docstring_patch_eac57f69.diff,0,0,2211,2,0,True
0,129,e2cd8a42,16332,41,D:\locbench\analyzer\runs\fastapi\agent_batch\20260126_205121\e2cd8a42_20260126_205722\history.json,106,998,0.6115196078431373,528,1632,44,27,44,True,365,D:\locbench\analyzer\runs\fastapi\agent_batch\20260126_205121\e2cd8a42_20260126_205722\docstring_patch_e2cd8a42.diff,0,365,16507,43,44,True
0,0,5c7dceb8,1780,0,D:\locbench\analyzer\runs\fastapi\agent_batch\20260126_205121\5c7dceb8_20260126_205739\history.json,0,0,0.0,0,0,0,0,0,True,0,D:\locbench\analyzer\runs\fastapi\agent_batch\20260126_205121\5c7dceb8_20260126_205739\docstring_patch_5c7dceb8.diff,0,0,1870,2,0,True
0,3,d70ed5ec,1912,1,D:\locbench\analyzer\runs\fastapi\agent_batch\20260126_205121\d70ed5ec_20260126_205741\history.json,0,1,0.5,1,2,1,1,1,True,9,D:\locbench\analyzer\runs\fastapi\agent_batch\20260126_205121\d70ed5ec_20260126_205741\docstring_patch_d70ed5ec.diff,0,9,2000,3,1,True
0,0,261c11b2,1806,0,D:\locbench\analyzer\runs\fastapi\agent_batch\20260126_205121\261c11b2_20260126_205743\history.json,0,0,0.0,0,0,0,0,0,True,0,D:\locbench\analyzer\runs\fastapi\agent_batch\20260126_205121\261c11b2_20260126_205743\docstring_patch_261c11b2.diff,0,0,1896,2,0,True
0,0,75d4f9c0,1861,0,D:\locbench\analyzer\runs\fastapi\agent_batch\20260126_205121\75d4f9c0_20260126_205745\history.json,0,0,0.0,0,0,0,0,0,True,0,D:\locbench\analyzer\runs\fastapi\agent_batch\20260126_205121\75d4f9c0_20260126_205745\docstring_patch_75d4f9c0.diff,0,0,1951,2,0,True
0,0,19abc42e,2088,0,D:\locbench\analyzer\runs\fastapi\agent_batch\20260126_205121\19abc42e_20260126_205747\history.json,0,0,0.0,0,0,0,0,0,True,0,D:\locbench\analyzer\runs\fastapi\agent_batch\20260126_205121\19abc42e_20260126_205747\docstring_patch_19abc42e.diff,0,0,2198,2,0,True
0,0,09ab90ed,2214,0,D:\locbench\analyzer\runs\fastapi\agent_batch\20260126_205121\09ab90ed_20260126_205749\history.json,0,0,0.0,0,0,0,0,0,True,0,D:\locbench\analyzer\runs\fastapi\agent_batch\20260126_205121\09ab90ed_20260126_205749\docstring_patch_09ab90ed.diff,0,0,2343,2,0,True
0,0,f58d8460,2181,0,D:\locbench\analyzer\runs\fastapi\agent_batch\20260126_205121\f58d8460_20260126_205751\history.json,0,0,0.0,0,0,0,0,0,True,0,D:\locbench\analyzer\runs\fastapi\agent_batch\20260126_205121\f58d8460_20260126_205751\docstring_patch_f58d8460.diff,0,0,2302,2,0,True
0,0,caee1d31,2238,0,D:\locbench\analyzer\runs\fastapi\agent_batch\20260126_205121\caee1d31_20260126_205754\history.json,0,0,0.0,0,0,0,0,0,True,0,D:\locbench\analyzer\runs\fastapi\agent_batch\20260126_205121\caee1d31_20260126_205754\docstring_patch_caee1d31.diff,0,0,2363,2,0,True
0,1,c75f17d4,2244,1,D:\locbench\analyzer\runs\fastapi\agent_batch\20260126_205121\c75f17d4_20260126_205756\history.json,0,1,1.0,0,1,0,0,0,True,0,D:\locbench\analyzer\runs\fastapi\agent_batch\20260126_205121\c75f17d4_20260126_205756\docstring_patch_c75f17d4.diff,0,0,2357,3,0,True
0,0,241ca9a5,2150,0,D:\locbench\analyzer\runs\fastapi\agent_batch\20260126_205121\241ca9a5_20260126_205758\history.json,0,0,0.0,0,0,0,0,0,True,0,D:\locbench\analyzer\runs\fastapi\agent_batch\20260126_205121\241ca9a5_20260126_205758\docstring_patch_241ca9a5.diff,0,0,2263,2,0,True
0,0,3f75f512,2173,0,D:\locbench\analyzer\runs\fastapi\agent_batch\20260126_205121\3f75f512_20260126_205801\history.json,0,0,0.0,0,0,0,0,0,True,0,D:\locbench\analyzer\runs\fastapi\agent_batch\20260126_205121\3f75f512_20260126_205801\docstring_patch_3f75f512.diff,0,0,2288,2,0,True
0,146,1c4fc96c,23555,46,D:\locbench\analyzer\runs\fastapi\agent_batch\20260126_205121\1c4fc96c_20260126_205803\history.json,329,1447,0.3408716136631331,2469,4245,50,12,50,True,393,D:\locbench\analyzer\runs\fastapi\agent_batch\20260126_205121\1c4fc96c_20260126_205803\docstring_patch_1c4fc96c.diff,0,393,23678,48,50,True
0,0,7f9709d7,2163,0,D:\locbench\analyzer\runs\fastapi\agent_batch\20260126_205121\7f9709d7_20260126_205827\history.json,0,0,0.0,0,0,0,0,0,True,0,D:\locbench\analyzer\runs\fastapi\agent_batch\20260126_205121\7f9709d7_20260126_205827\docstring_patch_7f9709d7.diff,0,0,2280,2,0,True
0,0,84668c2a,2142,0,D:\locbench\analyzer\runs\fastapi\agent_batch\20260126_205121\84668c2a_20260126_205829\history.json,0,0,0.0,0,0,0,0,0,True,0,D:\locbench\analyzer\runs\fastapi\agent_batch\20260126_205121\84668c2a_20260126_205829\docstring_patch_84668c2a.diff,0,0,2263,2,0,True
0,0,e0fd7913,2142,0,D:\locbench\analyzer\runs\fastapi\agent_batch\20260126_205121\e0fd7913_20260126_205831\history.json,0,0,0.0,0,0,0,0,0,True,0,D:\locbench\analyzer\runs\fastapi\agent_batch\20260126_205121\e0fd7913_20260126_205831\docstring_patch_e0fd7913.diff,0,0,2266,2,0,True
0,8,ed97d9dc,44253,8,D:\locbench\analyzer\runs\fastapi\agent_batch\20260126_205121\ed97d9dc_20260126_205834\history.json,5,650,0.6114769520225776,408,1063,0,0,0,True,0,D:\locbench\analyzer\runs\fastapi\agent_batch\20260126_205121\ed97d9dc_20260126_205834\docstring_patch_ed97d9dc.diff,0,0,44432,10,0,True
0,0,99ef3833,2218,0,D:\locbench\analyzer\runs\fastapi\agent_batch\20260126_205121\99ef3833_20260126_205918\history.json,0,0,0.0,0,0,0,0,0,True,0,D:\locbench\analyzer\runs\fastapi\agent_batch\20260126_205121\99ef3833_20260126_205918\docstring_patch_99ef3833.diff,0,0,2336,2,0,True
0,0,56a549b4,2222,0,D:\locbench\analyzer\runs\fastapi\agent_batch\20260126_205121\56a549b4_20260126_205920\history.json,0,0,0.0,0,0,0,0,0,True,0,D:\locbench\analyzer\runs\fastapi\agent_batch\20260126_205121\56a549b4_20260126_205920\docstring_patch_56a549b4.diff,0,0,2338,2,0,True
0,0,330f0ba5,2301,0,D:\locbench\analyzer\runs\fastapi\agent_batch\20260126_205121\330f0ba5_20260126_205923\history.json,0,0,0.0,0,0,0,0,0,True,0,D:\locbench\analyzer\runs\fastapi\agent_batch\20260126_205121\330f0ba5_20260126_205923\docstring_patch_330f0ba5.diff,0,0,2426,2,0,True
0,0,06273e48,2194,0,D:\locbench\analyzer\runs\fastapi\agent_batch\20260126_205121\06273e48_20260126_205925\history.json,0,0,0.0,0,0,0,0,0,True,0,D:\locbench\analyzer\runs\fastapi\agent_batch\20260126_205121\06273e48_20260126_205925\docstring_patch_06273e48.diff,0,0,2311,2,0,True
0,0,a2997a8f,2195,0,D:\locbench\analyzer\runs\fastapi\agent_batch\20260126_205121\a2997a8f_20260126_205927\history.json,0,0,0.0,0,0,0,0,0,True,0,D:\locbench\analyzer\runs\fastapi\agent_batch\20260126_205121\a2997a8f_20260126_205927\docstring_patch_a2997a8f.diff,0,0,2303,2,0,True
0,9,ed5c5bef,2570,1,D:\locbench\analyzer\runs\fastapi\agent_batch\20260126_205121\ed5c5bef_20260126_205930\history.json,29,103,0.5364583333333334,60,192,4,1,4,True,4,D:\locbench\analyzer\runs\fastapi\agent_batch\20260126_205121\ed5c5bef_20260126_205930\docstring_patch_ed5c5bef.diff,0,4,2691,3,4,True
0,0,493ff37f,2443,0,D:\locbench\analyzer\runs\fastapi\agent_batch\20260126_205121\493ff37f_20260126_205933\history.json,0,0,0.0,0,0,0,0,0,True,0,D:\locbench\analyzer\runs\fastapi\agent_batch\20260126_205121\493ff37f_20260126_205933\docstring_patch_493ff37f.diff,0,0,2595,2,0,True
0,0,1a1c29e5,2123,0,D:\locbench\analyzer\runs\fastapi\agent_batch\20260126_205121\1a1c29e5_20260126_205935\history.json,0,0,0.0,0,0,0,0,0,True,0,D:\locbench\analyzer\runs\fastapi\agent_batch\20260126_205121\1a1c29e5_20260126_205935\docstring_patch_1a1c29e5.diff,0,0,2238,2,0,True
0,0,e32eed75,2200,0,D:\locbench\analyzer\runs\fastapi\agent_batch\20260126_205121\e32eed75_20260126_205937\history.json,0,0,0.0,0,0,0,0,0,True,0,D:\locbench\analyzer\runs\fastapi\agent_batch\20260126_205121\e32eed75_20260126_205937\docstring_patch_e32eed75.diff,0,0,2304,2,0,True
0,0,6400e5ee,2188,0,D:\locbench\analyzer\runs\fastapi\agent_batch\20260126_205121\6400e5ee_20260126_205940\history.json,0,0,0.0,0,0,0,0,0,True,0,D:\locbench\analyzer\runs\fastapi\agent_batch\20260126_205121\6400e5ee_20260126_205940\docstring_patch_6400e5ee.diff,0,0,2305,2,0,True
0,0,d68892ab,2172,0,D:\locbench\analyzer\runs\fastapi\agent_batch\20260126_205121\d68892ab_20260126_205942\history.json,0,0,0.0,0,0,0,0,0,True,0,D:\locbench\analyzer\runs\fastapi\agent_batch\20260126_205121\d68892ab_20260126_205942\docstring_patch_d68892ab.diff,0,0,2286,2,0,True
0,0,6a8a2d62,2301,0,D:\locbench\analyzer\runs\fastapi\agent_batch\20260126_205121\6a8a2d62_20260126_205944\history.json,0,0,0.0,0,0,0,0,0,True,0,D:\locbench\analyzer\runs\fastapi\agent_batch\20260126_205121\6a8a2d62_20260126_205944\docstring_patch_6a8a2d62.diff,0,0,2448,2,0,True
0,0,e675b25c,2217,0,D:\locbench\analyzer\runs\fastapi\agent_batch\20260126_205121\e675b25c_20260126_205947\history.json,0,0,0.0,0,0,0,0,0,True,0,D:\locbench\analyzer\runs\fastapi\agent_batch\20260126_205121\e675b25c_20260126_205947\docstring_patch_e675b25c.diff,0,0,2333,2,0,True
0,0,353b8b29,2204,0,D:\locbench\analyzer\runs\fastapi\agent_batch\20260126_205121\353b8b29_20260126_205949\history.json,0,0,0.0,0,0,0,0,0,True,0,D:\locbench\analyzer\runs\fastapi\agent_batch\20260126_205121\353b8b29_20260126_205949\docstring_patch_353b8b29.diff,0,0,2324,2,0,True
0,0,272204c0,2267,0,D:\locbench\analyzer\runs\fastapi\agent_batch\20260126_205121\272204c0_20260126_205951\history.json,0,0,0.0,0,0,0,0,0,True,0,D:\locbench\analyzer\runs\fastapi\agent_batch\20260126_205121\272204c0_20260126_205951\docstring_patch_272204c0.diff,0,0,2392,2,0,True
0,0,818ce0fa,2224,0,D:\locbench\analyzer\runs\fastapi\agent_batch\20260126_205121\818ce0fa_20260126_205954\history.json,0,0,0.0,0,0,0,0,0,True,0,D:\locbench\analyzer\runs\fastapi\agent_batch\20260126_205121\818ce0fa_20260126_205954\docstring_patch_818ce0fa.diff,0,0,2347,2,0,True
0,0,ed20bf6b,2314,0,D:\locbench\analyzer\runs\fastapi\agent_batch\20260126_205121\ed20bf6b_20260126_205956\history.json,0,0,0.0,0,0,0,0,0,True,0,D:\locbench\analyzer\runs\fastapi\agent_batch\20260126_205121\ed20bf6b_20260126_205956\docstring_patch_ed20bf6b.diff,0,0,2436,2,0,True
0,7,58bc4a15,2456,1,D:\locbench\analyzer\runs\fastapi\agent_batch\20260126_205121\58bc4a15_20260126_205959\history.json,17,84,0.5793103448275863,44,145,3,1,3,True,3,D:\locbench\analyzer\runs\fastapi\agent_batch\20260126_205121\58bc4a15_20260126_205959\docstring_patch_58bc4a15.diff,0,3,2583,3,3,True
0,0,9be50633,2162,0,D:\locbench\analyzer\runs\fastapi\agent_batch\20260126_205121\9be50633_20260126_210001\history.json,0,0,0.0,0,0,0,0,0,True,0,D:\locbench\analyzer\runs\fastapi\agent_batch\20260126_205121\9be50633_20260126_210001\docstring_patch_9be50633.diff,0,0,2274,2,0,True
0,0,4a6a8767,2286,0,D:\locbench\analyzer\runs\fastapi\agent_batch\20260126_205121\4a6a8767_20260126_210004\history.json,0,0,0.0,0,0,0,0,0,True,0,D:\locbench\analyzer\runs\fastapi\agent_batch\20260126_205121\4a6a8767_20260126_210004\docstring_patch_4a6a8767.diff,0,0,2401,2,0,True
0,0,01bb8727,2215,0,D:\locbench\analyzer\runs\fastapi\agent_batch\20260126_205121\01bb8727_20260126_210006\history.json,0,0,0.0,0,0,0,0,0,True,0,D:\locbench\analyzer\runs\fastapi\agent_batch\20260126_205121\01bb8727_20260126_210006\docstring_patch_01bb8727.diff,0,0,2325,2,0,True
0,0,9a035035,2182,0,D:\locbench\analyzer\runs\fastapi\agent_batch\20260126_205121\9a035035_20260126_210008\history.json,0,0,0.0,0,0,0,0,0,True,0,D:\locbench\analyzer\runs\fastapi\agent_batch\20260126_205121\9a035035_20260126_210008\docstring_patch_9a035035.diff,0,0,2300,2,0,True
0,0,e5d0e78b,2222,0,D:\locbench\analyzer\runs\fastapi\agent_batch\20260126_205121\e5d0e78b_20260126_210011\history.json,0,0,0.0,0,0,0,0,0,True,0,D:\locbench\analyzer\runs\fastapi\agent_batch\20260126_205121\e5d0e78b_20260126_210011\docstring_patch_e5d0e78b.diff,0,0,2332,2,0,True
0,0,c4fb93f9,2293,0,D:\locbench\analyzer\runs\fastapi\agent_batch\20260126_205121\c4fb93f9_20260126_210013\history.json,0,0,0.0,0,0,0,0,0,True,0,D:\locbench\analyzer\runs\fastapi\agent_batch\20260126_205121\c4fb93f9_20260126_210013\docstring_patch_c4fb93f9.diff,0,0,2415,2,0,True
0,0,98bee09a,2311,0,D:\locbench\analyzer\runs\fastapi\agent_batch\20260126_205121\98bee09a_20260126_210015\history.json,0,0,0.0,0,0,0,0,0,True,0,D:\locbench\analyzer\runs\fastapi\agent_batch\20260126_205121\98bee09a_20260126_210015\docstring_patch_98bee09a.diff,0,0,2435,2,0,True
0,0,c68dc2d4,2328,0,D:\locbench\analyzer\runs\fastapi\agent_batch\20260126_205121\c68dc2d4_20260126_210018\history.json,0,0,0.0,0,0,0,0,0,True,0,D:\locbench\analyzer\runs\fastapi\agent_batch\20260126_205121\c68dc2d4_20260126_210018\docstring_patch_c68dc2d4.diff,0,0,2446,2,0,True
0,0,ec287a32,2372,0,D:\locbench\analyzer\runs\fastapi\agent_batch\20260126_205121\ec287a32_20260126_210020\history.json,0,0,0.0,0,0,0,0,0,True,0,D:\locbench\analyzer\runs\fastapi\agent_batch\20260126_205121\ec287a32_20260126_210020\docstring_patch_ec287a32.diff,0,0,2499,2,0,True
0,0,c0e4b9cd,2683,0,D:\locbench\analyzer\runs\fastapi\agent_batch\20260126_205121\c0e4b9cd_20260126_210023\history.json,0,0,0.0,0,0,0,0,0,True,0,D:\locbench\analyzer\runs\fastapi\agent_batch\20260126_205121\c0e4b9cd_20260126_210023\docstring_patch_c0e4b9cd.diff,0,0,2854,2,0,True
0,0,c9848551,2527,0,D:\locbench\analyzer\runs\fastapi\agent_batch\20260126_205121\c9848551_20260126_210026\history.json,0,0,0.0,0,0,0,0,0,True,0,D:\locbench\analyzer\runs\fastapi\agent_batch\20260126_205121\c9848551_20260126_210026\docstring_patch_c9848551.diff,0,0,2661,2,0,True
0,0,6281f872,2481,0,D:\locbench\analyzer\runs\fastapi\agent_batch\20260126_205121\6281f872_20260126_210028\history.json,0,0,0.0,0,0,0,0,0,True,0,D:\locbench\analyzer\runs\fastapi\agent_batch\20260126_205121\6281f872_20260126_210028\docstring_patch_6281f872.diff,0,0,2618,2,0,True
0,0,75ad0a0f,2598,0,D:\locbench\analyzer\runs\fastapi\agent_batch\20260126_205121\75ad0a0f_20260126_210031\history.json,0,0,0.0,0,0,0,0,0,True,0,D:\locbench\analyzer\runs\fastapi\agent_batch\20260126_205121\75ad0a0f_20260126_210031\docstring_patch_75ad0a0f.diff,0,0,2733,2,0,True
0,0,da83d795,2524,0,D:\locbench\analyzer\runs\fastapi\agent_batch\20260126_205121\da83d795_20260126_210034\history.json,0,0,0.0,0,0,0,0,0,True,0,D:\locbench\analyzer\runs\fastapi\agent_batch\20260126_205121\da83d795_20260126_210034\docstring_patch_da83d795.diff,0,0,2662,2,0,True
0,0,f43cba7e,2559,0,D:\locbench\analyzer\runs\fastapi\agent_batch\20260126_205121\f43cba7e_20260126_210037\history.json,0,0,0.0,0,0,0,0,0,True,0,D:\locbench\analyzer\runs\fastapi\agent_batch\20260126_205121\f43cba7e_20260126_210037\docstring_patch_f43cba7e.diff,0,0,2705,2,0,True
0,0,cbbb11f4,2485,0,D:\locbench\analyzer\runs\fastapi\agent_batch\20260126_205121\cbbb11f4_20260126_210039\history.json,0,0,0.0,0,0,0,0,0,True,0,D:\locbench\analyzer\runs\fastapi\agent_batch\20260126_205121\cbbb11f4_20260126_210039\docstring_patch_cbbb11f4.diff,0,0,2633,2,0,True
0,0,532ba725,2529,0,D:\locbench\analyzer\runs\fastapi\agent_batch\20260126_205121\532ba725_20260126_210042\history.json,0,0,0.0,0,0,0,0,0,True,0,D:\locbench\analyzer\runs\fastapi\agent_batch\20260126_205121\532ba725_20260126_210042\docstring_patch_532ba725.diff,0,0,2668,2,0,True
0,0,886b367a,2676,0,D:\locbench\analyzer\runs\fastapi\agent_batch\20260126_205121\886b367a_20260126_210045\history.json,0,0,0.0,0,0,0,0,0,True,0,D:\locbench\analyzer\runs\fastapi\agent_batch\20260126_205121\886b367a_20260126_210045\docstring_patch_886b367a.diff,0,0,2814,2,0,True
0,0,41d1b84b,2617,0,D:\locbench\analyzer\runs\fastapi\agent_batch\20260126_205121\41d1b84b_20260126_210047\history.json,0,0,0.0,0,0,0,0,0,True,0,D:\locbench\analyzer\runs\fastapi\agent_batch\20260126_205121\41d1b84b_20260126_210047\docstring_patch_41d1b84b.diff,0,0,2754,2,0,True
0,5,5da1cb07,2640,1,D:\locbench\analyzer\runs\fastapi\agent_batch\20260126_205121\5da1cb07_20260126_210050\history.json,7,29,0.8055555555555556,0,36,2,1,2,True,10,D:\locbench\analyzer\runs\fastapi\agent_batch\20260126_205121\5da1cb07_20260126_210050\docstring_patch_5da1cb07.diff,0,10,2776,3,2,True
0,0,f9397e93,2206,0,D:\locbench\analyzer\runs\fastapi\agent_batch\20260126_205121\f9397e93_20260126_210053\history.json,0,0,0.0,0,0,0,0,0,True,0,D:\locbench\analyzer\runs\fastapi\agent_batch\20260126_205121\f9397e93_20260126_210053\docstring_patch_f9397e93.diff,0,0,2337,2,0,True
0,13,2e7aaea5,2448,1,D:\locbench\analyzer\runs\fastapi\agent_batch\20260126_205121\2e7aaea5_20260126_210055\history.json,20,65,0.39634146341463417,79,164,6,1,6,True,21,D:\locbench\analyzer\runs\fastapi\agent_batch\20260126_205121\2e7aaea5_20260126_210055\docstring_patch_2e7aaea5.diff,0,21,2566,3,6,True
0,0,4414cd84,2281,0,D:\locbench\analyzer\runs\fastapi\agent_batch\20260126_205121\4414cd84_20260126_210058\history.json,0,0,0.0,0,0,0,0,0,True,0,D:\locbench\analyzer\runs\fastapi\agent_batch\20260126_205121\4414cd84_20260126_210058\docstring_patch_4414cd84.diff,0,0,2397,2,0,True
0,35,c5483483,3238,5,D:\locbench\analyzer\runs\fastapi\agent_batch\20260126_205121\c5483483_20260126_210100\history.json,47,105,0.4794520547945205,67,219,15,5,15,True,68,D:\locbench\analyzer\runs\fastapi\agent_batch\20260126_205121\c5483483_20260126_210100\docstring_patch_c5483483.diff,0,68,3355,7,15,True
0,0,61ffa3eb,2282,0,D:\locbench\analyzer\runs\fastapi\agent_batch\20260126_205121\61ffa3eb_20260126_210104\history.json,0,0,0.0,0,0,0,0,0,True,0,D:\locbench\analyzer\runs\fastapi\agent_batch\20260126_205121\61ffa3eb_20260126_210104\docstring_patch_61ffa3eb.diff,0,0,2408,2,0,True
0,0,59917ab6,2227,0,D:\locbench\analyzer\runs\fastapi\agent_batch\20260126_205121\59917ab6_20260126_210106\history.json,0,0,0.0,0,0,0,0,0,True,0,D:\locbench\analyzer\runs\fastapi\agent_batch\20260126_205121\59917ab6_20260126_210106\docstring_patch_59917ab6.diff,0,0,2341,2,0,True
0,0,1163dbd1,2233,0,D:\locbench\analyzer\runs\fastapi\agent_batch\20260126_205121\1163dbd1_20260126_210108\history.json,0,0,0.0,0,0,0,0,0,True,0,D:\locbench\analyzer\runs\fastapi\agent_batch\20260126_205121\1163dbd1_20260126_210108\docstring_patch_1163dbd1.diff,0,0,2350,2,0,True
0,0,435d839c,2733,0,D:\locbench\analyzer\runs\fastapi\agent_batch\20260126_205121\435d839c_20260126_210111\history.json,0,0,0.0,0,0,0,0,0,True,0,D:\locbench\analyzer\runs\fastapi\agent_batch\20260126_205121\435d839c_20260126_210111\docstring_patch_435d839c.diff,0,0,2849,2,0,True
0,1,b1d9769f,2392,1,D:\locbench\analyzer\runs\fastapi\agent_batch\20260126_205121\b1d9769f_20260126_210114\history.json,0,1,1.0,0,1,0,0,0,True,0,D:\locbench\analyzer\runs\fastapi\agent_batch\20260126_205121\b1d9769f_20260126_210114\docstring_patch_b1d9769f.diff,0,0,2537,3,0,True
0,0,89157a80,2155,0,D:\locbench\analyzer\runs\fastapi\agent_batch\20260126_205121\89157a80_20260126_210116\history.json,0,0,0.0,0,0,0,0,0,True,0,D:\locbench\analyzer\runs\fastapi\agent_batch\20260126_205121\89157a80_20260126_210116\docstring_patch_89157a80.diff,0,0,2268,2,0,True
0,47,d86c4747,6289,7,D:\locbench\analyzer\runs\fastapi\agent_batch\20260126_205121\d86c4747_20260126_210119\history.json,97,219,0.584,59,375,20,5,20,True,193,D:\locbench\analyzer\runs\fastapi\agent_batch\20260126_205121\d86c4747_20260126_210119\docstring_patch_d86c4747.diff,0,193,6414,9,20,True
0,1,3fe6522a,2371,1,D:\locbench\analyzer\runs\fastapi\agent_batch\20260126_205121\3fe6522a_20260126_210125\history.json,0,1,1.0,0,1,0,0,0,True,0,D:\locbench\analyzer\runs\fastapi\agent_batch\20260126_205121\3fe6522a_20260126_210125\docstring_patch_3fe6522a.diff,0,0,2529,3,0,True
0,0,80d1f732,2163,0,D:\locbench\analyzer\runs\fastapi\agent_batch\20260126_205121\80d1f732_20260126_210127\history.json,0,0,0.0,0,0,0,0,0,True,0,D:\locbench\analyzer\runs\fastapi\agent_batch\20260126_205121\80d1f732_20260126_210127\docstring_patch_80d1f732.diff,0,0,2271,2,0,True
0,5,c0556ac3,2552,1,D:\locbench\analyzer\runs\fastapi\agent_batch\20260126_205121\c0556ac3_20260126_210130\history.json,5,38,0.4,52,95,2,1,2,True,6,D:\locbench\analyzer\runs\fastapi\agent_batch\20260126_205121\c0556ac3_20260126_210130\docstring_patch_c0556ac3.diff,0,6,2666,3,2,True
0,0,1fcec88a,2148,0,D:\locbench\analyzer\runs\fastapi\agent_batch\20260126_205121\1fcec88a_20260126_210132\history.json,0,0,0.0,0,0,0,0,0,True,0,D:\locbench\analyzer\runs\fastapi\agent_batch\20260126_205121\1fcec88a_20260126_210132\docstring_patch_1fcec88a.diff,0,0,2263,2,0,True
0,0,f8b216df,2146,0,D:\locbench\analyzer\runs\fastapi\agent_batch\20260126_205121\f8b216df_20260126_210135\history.json,0,0,0.0,0,0,0,0,0,True,0,D:\locbench\analyzer\runs\fastapi\agent_batch\20260126_205121\f8b216df_20260126_210135\docstring_patch_f8b216df.diff,0,0,2275,2,0,True
0,0,4b905b61,2135,0,D:\locbench\analyzer\runs\fastapi\agent_batch\20260126_205121\4b905b61_20260126_210137\history.json,0,0,0.0,0,0,0,0,0,True,0,D:\locbench\analyzer\runs\fastapi\agent_batch\20260126_205121\4b905b61_20260126_210137\docstring_patch_4b905b61.diff,0,0,2297,2,0,True
