agent_exit_code,ast_parse_calls,commit,duration_ms,git_show_calls,history_path,impacted_external,impacted_internal,impacted_internal_ratio,impacted_test,impacted_total,num_changed_targets,num_files_changed,num_targets,ok,patch_added_lines,patch_path,patch_removed_lines,patch_total_lines,runner_ms,stderr,subprocess_calls,verifier_checked,verifier_ok
0,0,61e6911,2201,0,D:\locbench\analyzer\runs\black\agent_batch\20260126_200702\61e6911_20260126_200702\history.json,0,0,0.0,0,0,0,0,0,True,0,D:\locbench\analyzer\runs\black\agent_batch\20260126_200702\61e6911_20260126_200702\docstring_patch_61e6911.diff,0,0,2294,,2,0,True
0,1,fe875c0,2447,1,D:\locbench\analyzer\runs\black\agent_batch\20260126_200702\fe875c0_20260126_200704\history.json,46,59,0.3224043715846995,78,183,0,0,0,True,0,D:\locbench\analyzer\runs\black\agent_batch\20260126_200702\fe875c0_20260126_200704\docstring_patch_fe875c0.diff,0,0,2551,,3,0,True
0,1,5cdb4b6,2257,1,D:\locbench\analyzer\runs\black\agent_batch\20260126_200702\5cdb4b6_20260126_200707\history.json,43,40,0.449438202247191,6,89,0,0,0,True,0,D:\locbench\analyzer\runs\black\agent_batch\20260126_200702\5cdb4b6_20260126_200707\docstring_patch_5cdb4b6.diff,0,0,2345,,3,0,True
0,0,e35561c,2139,0,D:\locbench\analyzer\runs\black\agent_batch\20260126_200702\e35561c_20260126_200709\history.json,0,0,0.0,0,0,0,0,0,True,0,D:\locbench\analyzer\runs\black\agent_batch\20260126_200702\e35561c_20260126_200709\docstring_patch_e35561c.diff,0,0,2231,,2,0,True
0,5,14713ac,2610,1,D:\locbench\analyzer\runs\black\agent_batch\20260126_200702\14713ac_20260126_200712\history.json,13,186,0.6503496503496503,87,286,2,1,2,True,10,D:\locbench\analyzer\runs\black\agent_batch\20260126_200702\14713ac_20260126_200712\docstring_patch_14713ac.diff,0,10,2704,,3,2,True
0,10,1d233bb,3128,4,D:\locbench\analyzer\runs\black\agent_batch\20260126_200702\1d233bb_20260126_200714\history.json,42,223,0.7193548387096774,45,310,3,2,3,True,21,D:\locbench\analyzer\runs\black\agent_batch\20260126_200702\1d233bb_20260126_200714\docstring_patch_1d233bb.diff,0,21,3226,,6,3,True
0,1,f4b006f,2407,1,D:\locbench\analyzer\runs\black\agent_batch\20260126_200702\f4b006f_20260126_200718\history.json,11,155,0.824468085106383,22,188,0,0,0,True,0,D:\locbench\analyzer\runs\black\agent_batch\20260126_200702\f4b006f_20260126_200718\docstring_patch_f4b006f.diff,0,0,2493,,3,0,True
0,0,115dbcf,2163,0,D:\locbench\analyzer\runs\black\agent_batch\20260126_200702\115dbcf_20260126_200720\history.json,0,0,0.0,0,0,0,0,0,True,0,D:\locbench\analyzer\runs\black\agent_batch\20260126_200702\115dbcf_20260126_200720\docstring_patch_115dbcf.diff,0,0,2255,,2,0,True
0,0,a998a18,2164,0,D:\locbench\analyzer\runs\black\agent_batch\20260126_200702\a998a18_20260126_200722\history.json,0,0,0.0,0,0,0,0,0,True,0,D:\locbench\analyzer\runs\black\agent_batch\20260126_200702\a998a18_20260126_200722\docstring_patch_a998a18.diff,0,0,2252,,2,0,True
1,,6305bf1,,,,,,,,,,,,False,,,,,2206,"Traceback (most recent call last):
  File ""D:\locbench\analyzer\unidiff_extract\agent.py"", line 541, in <module>
    main()
    ~~~~^^
  File ""D:\locbench\analyzer\unidiff_extract\agent.py"", line 353, in main
    _run(
    ~~~~^
        [
        ^
    ...<8 lines>...
        ]
        ^
    )
    ^
  File ""D:\locbench\analyzer\unidiff_extract\agent.py"", line 42, in _run
    out = subprocess.check_output(cmd, cwd=cwd, stderr=subprocess.STDOUT)
  File ""E:\miniconda3\Lib\subprocess.py"", line 472, in check_output
    return run(*popenargs, stdout=PIPE, timeout=timeout, check=True,
           ~~~^^^^^^^^^^^^^^^^^^^^^^^^^^^^^^^^^^^^^^^^^^^^^^^^^^^^^^
               **kwargs).stdout
               ^^^^^^^^^
  File ""E:\miniconda3\Lib\subprocess.py"", line 577, in run
    raise CalledProcessError(retcode, process.args,
                             output=stdout, stderr=stderr)
subprocess.CalledProcessError: Command '['python', 'D:\\locbench\\analyzer\\unidiff_extract\\extract_seeds.py', '--repo', 'D:\\locbench\\black', '--commit', '6305bf1', '--out', 'D:\\locbench\\analyzer\\runs\\black\\agent_batch\\20260126_200702\\6305bf1_20260126_200725\\impacted_seeds_6305bf1.json']' returned non-zero exit status 1.
",,,
0,0,e71305b,2135,0,D:\locbench\analyzer\runs\black\agent_batch\20260126_200702\e71305b_20260126_200727\history.json,0,0,0.0,0,0,0,0,0,True,0,D:\locbench\analyzer\runs\black\agent_batch\20260126_200702\e71305b_20260126_200727\docstring_patch_e71305b.diff,0,0,2223,,2,0,True
0,1,21a2a8c,2443,1,D:\locbench\analyzer\runs\black\agent_batch\20260126_200702\21a2a8c_20260126_200729\history.json,36,62,0.33879781420765026,85,183,0,0,0,True,0,D:\locbench\analyzer\runs\black\agent_batch\20260126_200702\21a2a8c_20260126_200729\docstring_patch_21a2a8c.diff,0,0,2532,,3,0,True
0,0,e3146ce,2228,0,D:\locbench\analyzer\runs\black\agent_batch\20260126_200702\e3146ce_20260126_200732\history.json,0,0,0.0,0,0,0,0,0,True,0,D:\locbench\analyzer\runs\black\agent_batch\20260126_200702\e3146ce_20260126_200732\docstring_patch_e3146ce.diff,0,0,2323,,2,0,True
0,0,fe1fbc4,2152,0,D:\locbench\analyzer\runs\black\agent_batch\20260126_200702\fe1fbc4_20260126_200734\history.json,0,0,0.0,0,0,0,0,0,True,0,D:\locbench\analyzer\runs\black\agent_batch\20260126_200702\fe1fbc4_20260126_200734\docstring_patch_fe1fbc4.diff,0,0,2240,,2,0,True
0,0,2b4b7fc,2170,0,D:\locbench\analyzer\runs\black\agent_batch\20260126_200702\2b4b7fc_20260126_200736\history.json,0,0,0.0,0,0,0,0,0,True,0,D:\locbench\analyzer\runs\black\agent_batch\20260126_200702\2b4b7fc_20260126_200736\docstring_patch_2b4b7fc.diff,0,0,2261,,2,0,True
0,0,d745be6,2180,0,D:\locbench\analyzer\runs\black\agent_batch\20260126_200702\d745be6_20260126_200738\history.json,0,0,0.0,0,0,0,0,0,True,0,D:\locbench\analyzer\runs\black\agent_batch\20260126_200702\d745be6_20260126_200738\docstring_patch_d745be6.diff,0,0,2272,,2,0,True
0,25,b41acd6,2713,3,D:\locbench\analyzer\runs\black\agent_batch\20260126_200702\b41acd6_20260126_200741\history.json,45,183,0.4430992736077482,185,413,11,3,11,True,47,D:\locbench\analyzer\runs\black\agent_batch\20260126_200702\b41acd6_20260126_200741\docstring_patch_b41acd6.diff,0,47,2801,,5,11,True
0,6,6f43612,2641,2,D:\locbench\analyzer\runs\black\agent_batch\20260126_200702\6f43612_20260126_200743\history.json,76,215,0.5011655011655012,138,429,2,1,2,True,13,D:\locbench\analyzer\runs\black\agent_batch\20260126_200702\6f43612_20260126_200743\docstring_patch_6f43612.diff,0,13,2742,,4,2,True
0,0,200c550,2148,0,D:\locbench\analyzer\runs\black\agent_batch\20260126_200702\200c550_20260126_200746\history.json,0,0,0.0,0,0,0,0,0,True,0,D:\locbench\analyzer\runs\black\agent_batch\20260126_200702\200c550_20260126_200746\docstring_patch_200c550.diff,0,0,2234,,2,0,True
0,0,c3cc5a9,2162,0,D:\locbench\analyzer\runs\black\agent_batch\20260126_200702\c3cc5a9_20260126_200748\history.json,0,0,0.0,0,0,0,0,0,True,0,D:\locbench\analyzer\runs\black\agent_batch\20260126_200702\c3cc5a9_20260126_200748\docstring_patch_c3cc5a9.diff,0,0,2262,,2,0,True
0,0,bfdecb1,2203,0,D:\locbench\analyzer\runs\black\agent_batch\20260126_200702\bfdecb1_20260126_200751\history.json,0,0,0.0,0,0,0,0,0,True,0,D:\locbench\analyzer\runs\black\agent_batch\20260126_200702\bfdecb1_20260126_200751\docstring_patch_bfdecb1.diff,0,0,2294,,2,0,True
0,0,7916e4a,2183,0,D:\locbench\analyzer\runs\black\agent_batch\20260126_200702\7916e4a_20260126_200753\history.json,0,0,0.0,0,0,0,0,0,True,0,D:\locbench\analyzer\runs\black\agent_batch\20260126_200702\7916e4a_20260126_200753\docstring_patch_7916e4a.diff,0,0,2273,,2,0,True
0,0,6426151,2191,0,D:\locbench\analyzer\runs\black\agent_batch\20260126_200702\6426151_20260126_200755\history.json,0,0,0.0,0,0,0,0,0,True,0,D:\locbench\analyzer\runs\black\agent_batch\20260126_200702\6426151_20260126_200755\docstring_patch_6426151.diff,0,0,2277,,2,0,True
0,0,2fd75b0,2218,0,D:\locbench\analyzer\runs\black\agent_batch\20260126_200702\2fd75b0_20260126_200758\history.json,0,0,0.0,0,0,0,0,0,True,0,D:\locbench\analyzer\runs\black\agent_batch\20260126_200702\2fd75b0_20260126_200758\docstring_patch_2fd75b0.diff,0,0,2304,,2,0,True
0,0,23b8127,2168,0,D:\locbench\analyzer\runs\black\agent_batch\20260126_200702\23b8127_20260126_200800\history.json,0,0,0.0,0,0,0,0,0,True,0,D:\locbench\analyzer\runs\black\agent_batch\20260126_200702\23b8127_20260126_200800\docstring_patch_23b8127.diff,0,0,2254,,2,0,True
0,0,782e560,2155,0,D:\locbench\analyzer\runs\black\agent_batch\20260126_200702\782e560_20260126_200802\history.json,0,0,0.0,0,0,0,0,0,True,0,D:\locbench\analyzer\runs\black\agent_batch\20260126_200702\782e560_20260126_200802\docstring_patch_782e560.diff,0,0,2242,,2,0,True
0,5,f0f4094,2434,1,D:\locbench\analyzer\runs\black\agent_batch\20260126_200702\f0f4094_20260126_200804\history.json,5,32,0.8648648648648649,0,37,2,1,2,True,12,D:\locbench\analyzer\runs\black\agent_batch\20260126_200702\f0f4094_20260126_200804\docstring_patch_f0f4094.diff,0,12,2526,,3,2,True
0,2,70fc194,2562,2,D:\locbench\analyzer\runs\black\agent_batch\20260126_200702\70fc194_20260126_200807\history.json,31,254,0.6614583333333334,99,384,0,0,0,True,0,D:\locbench\analyzer\runs\black\agent_batch\20260126_200702\70fc194_20260126_200807\docstring_patch_70fc194.diff,0,0,2653,,4,0,True
0,0,7044b14,2220,0,D:\locbench\analyzer\runs\black\agent_batch\20260126_200702\7044b14_20260126_200810\history.json,0,0,0.0,0,0,0,0,0,True,0,D:\locbench\analyzer\runs\black\agent_batch\20260126_200702\7044b14_20260126_200810\docstring_patch_7044b14.diff,0,0,2306,,2,0,True
0,2,5b470f0,2620,2,D:\locbench\analyzer\runs\black\agent_batch\20260126_200702\5b470f0_20260126_200812\history.json,31,255,0.6623376623376623,99,385,0,0,0,True,0,D:\locbench\analyzer\runs\black\agent_batch\20260126_200702\5b470f0_20260126_200812\docstring_patch_5b470f0.diff,0,0,2711,,4,0,True
0,3,1b342ef,2607,1,D:\locbench\analyzer\runs\black\agent_batch\20260126_200702\1b342ef_20260126_200815\history.json,40,257,0.648989898989899,99,396,1,1,1,True,5,D:\locbench\analyzer\runs\black\agent_batch\20260126_200702\1b342ef_20260126_200815\docstring_patch_1b342ef.diff,0,5,2697,,3,1,True
0,0,7b265f1,2174,0,D:\locbench\analyzer\runs\black\agent_batch\20260126_200702\7b265f1_20260126_200817\history.json,0,0,0.0,0,0,0,0,0,True,0,D:\locbench\analyzer\runs\black\agent_batch\20260126_200702\7b265f1_20260126_200817\docstring_patch_7b265f1.diff,0,0,2261,,2,0,True
0,0,c9523f4,2189,0,D:\locbench\analyzer\runs\black\agent_batch\20260126_200702\c9523f4_20260126_200820\history.json,0,0,0.0,0,0,0,0,0,True,0,D:\locbench\analyzer\runs\black\agent_batch\20260126_200702\c9523f4_20260126_200820\docstring_patch_c9523f4.diff,0,0,2275,,2,0,True
0,8,0f376e0,2693,2,D:\locbench\analyzer\runs\black\agent_batch\20260126_200702\0f376e0_20260126_200822\history.json,78,278,0.6123348017621145,98,454,3,1,3,True,17,D:\locbench\analyzer\runs\black\agent_batch\20260126_200702\0f376e0_20260126_200822\docstring_patch_0f376e0.diff,0,17,2787,,4,3,True
0,1,a8bfcc1,2476,1,D:\locbench\analyzer\runs\black\agent_batch\20260126_200702\a8bfcc1_20260126_200825\history.json,21,118,0.7468354430379747,19,158,0,0,0,True,0,D:\locbench\analyzer\runs\black\agent_batch\20260126_200702\a8bfcc1_20260126_200825\docstring_patch_a8bfcc1.diff,0,0,2561,,3,0,True
0,6,3649771,2426,2,D:\locbench\analyzer\runs\black\agent_batch\20260126_200702\3649771_20260126_200827\history.json,11,34,0.2982456140350877,69,114,2,2,2,True,12,D:\locbench\analyzer\runs\black\agent_batch\20260126_200702\3649771_20260126_200827\docstring_patch_3649771.diff,0,12,2514,,4,2,True
0,1,93d13b2,2316,1,D:\locbench\analyzer\runs\black\agent_batch\20260126_200702\93d13b2_20260126_200830\history.json,0,1,1.0,0,1,0,0,0,True,0,D:\locbench\analyzer\runs\black\agent_batch\20260126_200702\93d13b2_20260126_200830\docstring_patch_93d13b2.diff,0,0,2401,,3,0,True
0,0,96cc0fe,2172,0,D:\locbench\analyzer\runs\black\agent_batch\20260126_200702\96cc0fe_20260126_200832\history.json,0,0,0.0,0,0,0,0,0,True,0,D:\locbench\analyzer\runs\black\agent_batch\20260126_200702\96cc0fe_20260126_200832\docstring_patch_96cc0fe.diff,0,0,2259,,2,0,True
0,28,58c5ac8,3477,8,D:\locbench\analyzer\runs\black\agent_batch\20260126_200702\58c5ac8_20260126_200834\history.json,117,321,0.5794223826714802,116,554,10,4,10,True,60,D:\locbench\analyzer\runs\black\agent_batch\20260126_200702\58c5ac8_20260126_200834\docstring_patch_58c5ac8.diff,0,60,3571,,10,10,True
0,13,6ea3ef8,2928,3,D:\locbench\analyzer\runs\black\agent_batch\20260126_200702\6ea3ef8_20260126_200838\history.json,43,225,0.6164383561643836,97,365,5,2,5,True,33,D:\locbench\analyzer\runs\black\agent_batch\20260126_200702\6ea3ef8_20260126_200838\docstring_patch_6ea3ef8.diff,0,33,3023,,5,5,True
0,0,f5e2d06,2187,0,D:\locbench\analyzer\runs\black\agent_batch\20260126_200702\f5e2d06_20260126_200841\history.json,0,0,0.0,0,0,0,0,0,True,0,D:\locbench\analyzer\runs\black\agent_batch\20260126_200702\f5e2d06_20260126_200841\docstring_patch_f5e2d06.diff,0,0,2275,,2,0,True
0,6,a180c83,2642,2,D:\locbench\analyzer\runs\black\agent_batch\20260126_200702\a180c83_20260126_200843\history.json,7,37,0.22424242424242424,121,165,2,1,2,True,14,D:\locbench\analyzer\runs\black\agent_batch\20260126_200702\a180c83_20260126_200843\docstring_patch_a180c83.diff,0,14,2736,,4,2,True
0,0,cde9494,2166,0,D:\locbench\analyzer\runs\black\agent_batch\20260126_200702\cde9494_20260126_200846\history.json,0,0,0.0,0,0,0,0,0,True,0,D:\locbench\analyzer\runs\black\agent_batch\20260126_200702\cde9494_20260126_200846\docstring_patch_cde9494.diff,0,0,2256,,2,0,True
0,0,cbf105a,2201,0,D:\locbench\analyzer\runs\black\agent_batch\20260126_200702\cbf105a_20260126_200848\history.json,0,0,0.0,0,0,0,0,0,True,0,D:\locbench\analyzer\runs\black\agent_batch\20260126_200702\cbf105a_20260126_200848\docstring_patch_cbf105a.diff,0,0,2289,,2,0,True
0,0,aa143e7,2180,0,D:\locbench\analyzer\runs\black\agent_batch\20260126_200702\aa143e7_20260126_200851\history.json,0,0,0.0,0,0,0,0,0,True,0,D:\locbench\analyzer\runs\black\agent_batch\20260126_200702\aa143e7_20260126_200851\docstring_patch_aa143e7.diff,0,0,2269,,2,0,True
0,1,f37758e,2451,1,D:\locbench\analyzer\runs\black\agent_batch\20260126_200702\f37758e_20260126_200853\history.json,21,118,0.7468354430379747,19,158,0,0,0,True,0,D:\locbench\analyzer\runs\black\agent_batch\20260126_200702\f37758e_20260126_200853\docstring_patch_f37758e.diff,0,0,2536,,3,0,True
0,1,300d1d8,2474,1,D:\locbench\analyzer\runs\black\agent_batch\20260126_200702\300d1d8_20260126_200856\history.json,22,144,0.7741935483870968,20,186,0,0,0,True,0,D:\locbench\analyzer\runs\black\agent_batch\20260126_200702\300d1d8_20260126_200856\docstring_patch_300d1d8.diff,0,0,2567,,3,0,True
0,4,efad911,2666,2,D:\locbench\analyzer\runs\black\agent_batch\20260126_200702\efad911_20260126_200858\history.json,40,215,0.7465277777777778,33,288,1,1,1,True,5,D:\locbench\analyzer\runs\black\agent_batch\20260126_200702\efad911_20260126_200858\docstring_patch_efad911.diff,0,5,2758,,4,1,True
0,1,0c3d2ac,2381,1,D:\locbench\analyzer\runs\black\agent_batch\20260126_200702\0c3d2ac_20260126_200901\history.json,15,209,0.5024038461538461,192,416,0,0,0,True,0,D:\locbench\analyzer\runs\black\agent_batch\20260126_200702\0c3d2ac_20260126_200901\docstring_patch_0c3d2ac.diff,0,0,2470,,3,0,True
0,126,45b4087,7128,26,D:\locbench\analyzer\runs\black\agent_batch\20260126_200702\45b4087_20260126_200903\history.json,422,557,0.4535830618892508,249,1228,50,17,50,True,270,D:\locbench\analyzer\runs\black\agent_batch\20260126_200702\45b4087_20260126_200903\docstring_patch_45b4087.diff,0,270,7222,,28,50,True
0,0,f209c53,2185,0,D:\locbench\analyzer\runs\black\agent_batch\20260126_200702\f209c53_20260126_200911\history.json,0,0,0.0,0,0,0,0,0,True,0,D:\locbench\analyzer\runs\black\agent_batch\20260126_200702\f209c53_20260126_200911\docstring_patch_f209c53.diff,0,0,2275,,2,0,True
0,0,0a31a36,2311,0,D:\locbench\analyzer\runs\black\agent_batch\20260126_200702\0a31a36_20260126_200913\history.json,0,0,0.0,0,0,0,0,0,True,0,D:\locbench\analyzer\runs\black\agent_batch\20260126_200702\0a31a36_20260126_200913\docstring_patch_0a31a36.diff,0,0,2402,,2,0,True
0,0,93b57f7,2309,0,D:\locbench\analyzer\runs\black\agent_batch\20260126_200702\93b57f7_20260126_200915\history.json,0,0,0.0,0,0,0,0,0,True,0,D:\locbench\analyzer\runs\black\agent_batch\20260126_200702\93b57f7_20260126_200915\docstring_patch_93b57f7.diff,0,0,2417,,2,0,True
0,0,05f0a8c,2348,0,D:\locbench\analyzer\runs\black\agent_batch\20260126_200702\05f0a8c_20260126_200918\history.json,0,0,0.0,0,0,0,0,0,True,0,D:\locbench\analyzer\runs\black\agent_batch\20260126_200702\05f0a8c_20260126_200918\docstring_patch_05f0a8c.diff,0,0,2457,,2,0,True
0,0,ae17c61,2845,0,D:\locbench\analyzer\runs\black\agent_batch\20260126_200702\ae17c61_20260126_200920\history.json,0,0,0.0,0,0,0,0,0,True,0,D:\locbench\analyzer\runs\black\agent_batch\20260126_200702\ae17c61_20260126_200920\docstring_patch_ae17c61.diff,0,0,2969,,2,0,True
0,0,138745e,2594,0,D:\locbench\analyzer\runs\black\agent_batch\20260126_200702\138745e_20260126_200923\history.json,0,0,0.0,0,0,0,0,0,True,0,D:\locbench\analyzer\runs\black\agent_batch\20260126_200702\138745e_20260126_200923\docstring_patch_138745e.diff,0,0,2721,,2,0,True
0,0,18170d6,2682,0,D:\locbench\analyzer\runs\black\agent_batch\20260126_200702\18170d6_20260126_200926\history.json,0,0,0.0,0,0,0,0,0,True,0,D:\locbench\analyzer\runs\black\agent_batch\20260126_200702\18170d6_20260126_200926\docstring_patch_18170d6.diff,0,0,2805,,2,0,True
0,0,0e793e3,2436,0,D:\locbench\analyzer\runs\black\agent_batch\20260126_200702\0e793e3_20260126_200929\history.json,0,0,0.0,0,0,0,0,0,True,0,D:\locbench\analyzer\runs\black\agent_batch\20260126_200702\0e793e3_20260126_200929\docstring_patch_0e793e3.diff,0,0,2553,,2,0,True
0,0,b71f36c,2231,0,D:\locbench\analyzer\runs\black\agent_batch\20260126_200702\b71f36c_20260126_200931\history.json,0,0,0.0,0,0,0,0,0,True,0,D:\locbench\analyzer\runs\black\agent_batch\20260126_200702\b71f36c_20260126_200931\docstring_patch_b71f36c.diff,0,0,2329,,2,0,True
0,0,a7bd594,2187,0,D:\locbench\analyzer\runs\black\agent_batch\20260126_200702\a7bd594_20260126_200934\history.json,0,0,0.0,0,0,0,0,0,True,0,D:\locbench\analyzer\runs\black\agent_batch\20260126_200702\a7bd594_20260126_200934\docstring_patch_a7bd594.diff,0,0,2282,,2,0,True
0,0,862dee9,2158,0,D:\locbench\analyzer\runs\black\agent_batch\20260126_200702\862dee9_20260126_200936\history.json,0,0,0.0,0,0,0,0,0,True,0,D:\locbench\analyzer\runs\black\agent_batch\20260126_200702\862dee9_20260126_200936\docstring_patch_862dee9.diff,0,0,2246,,2,0,True
0,0,b5f354c,2165,0,D:\locbench\analyzer\runs\black\agent_batch\20260126_200702\b5f354c_20260126_200938\history.json,0,0,0.0,0,0,0,0,0,True,0,D:\locbench\analyzer\runs\black\agent_batch\20260126_200702\b5f354c_20260126_200938\docstring_patch_b5f354c.diff,0,0,2252,,2,0,True
1,,f705197,,,,,,,,,,,,False,,,,,1370,"Traceback (most recent call last):
  File ""D:\locbench\analyzer\unidiff_extract\agent.py"", line 541, in <module>
    main()
    ~~~~^^
  File ""D:\locbench\analyzer\unidiff_extract\agent.py"", line 353, in main
    _run(
    ~~~~^
        [
        ^
    ...<8 lines>...
        ]
        ^
    )
    ^
  File ""D:\locbench\analyzer\unidiff_extract\agent.py"", line 42, in _run
    out = subprocess.check_output(cmd, cwd=cwd, stderr=subprocess.STDOUT)
  File ""E:\miniconda3\Lib\subprocess.py"", line 472, in check_output
    return run(*popenargs, stdout=PIPE, timeout=timeout, check=True,
           ~~~^^^^^^^^^^^^^^^^^^^^^^^^^^^^^^^^^^^^^^^^^^^^^^^^^^^^^^
               **kwargs).stdout
               ^^^^^^^^^
  File ""E:\miniconda3\Lib\subprocess.py"", line 577, in run
    raise CalledProcessError(retcode, process.args,
                             output=stdout, stderr=stderr)
subprocess.CalledProcessError: Command '['python', 'D:\\locbench\\analyzer\\unidiff_extract\\extract_seeds.py', '--repo', 'D:\\locbench\\black', '--commit', 'f705197', '--out', 'D:\\locbench\\analyzer\\runs\\black\\agent_batch\\20260126_200702\\f705197_20260126_200940\\impacted_seeds_f705197.json']' returned non-zero exit status 1.
",,,
0,0,994e184,2184,0,D:\locbench\analyzer\runs\black\agent_batch\20260126_200702\994e184_20260126_200942\history.json,0,0,0.0,0,0,0,0,0,True,0,D:\locbench\analyzer\runs\black\agent_batch\20260126_200702\994e184_20260126_200942\docstring_patch_994e184.diff,0,0,2281,,2,0,True
0,0,5b3710d,2197,0,D:\locbench\analyzer\runs\black\agent_batch\20260126_200702\5b3710d_20260126_200944\history.json,0,0,0.0,0,0,0,0,0,True,0,D:\locbench\analyzer\runs\black\agent_batch\20260126_200702\5b3710d_20260126_200944\docstring_patch_5b3710d.diff,0,0,2288,,2,0,True
0,0,b5df49f,2183,0,D:\locbench\analyzer\runs\black\agent_batch\20260126_200702\b5df49f_20260126_200946\history.json,0,0,0.0,0,0,0,0,0,True,0,D:\locbench\analyzer\runs\black\agent_batch\20260126_200702\b5df49f_20260126_200946\docstring_patch_b5df49f.diff,0,0,2278,,2,0,True
0,0,39c8fd2,2201,0,D:\locbench\analyzer\runs\black\agent_batch\20260126_200702\39c8fd2_20260126_200949\history.json,0,0,0.0,0,0,0,0,0,True,0,D:\locbench\analyzer\runs\black\agent_batch\20260126_200702\39c8fd2_20260126_200949\docstring_patch_39c8fd2.diff,0,0,2288,,2,0,True
0,4,b895a73,2728,2,D:\locbench\analyzer\runs\black\agent_batch\20260126_200702\b895a73_20260126_200951\history.json,52,277,0.642691415313225,102,431,1,1,1,True,5,D:\locbench\analyzer\runs\black\agent_batch\20260126_200702\b895a73_20260126_200951\docstring_patch_b895a73.diff,0,5,2820,,4,1,True
0,1,f735434,2488,1,D:\locbench\analyzer\runs\black\agent_batch\20260126_200702\f735434_20260126_200954\history.json,22,213,0.7802197802197802,38,273,0,0,0,True,0,D:\locbench\analyzer\runs\black\agent_batch\20260126_200702\f735434_20260126_200954\docstring_patch_f735434.diff,0,0,2577,,3,0,True
0,0,4865e32,2163,0,D:\locbench\analyzer\runs\black\agent_batch\20260126_200702\4865e32_20260126_200956\history.json,0,0,0.0,0,0,0,0,0,True,0,D:\locbench\analyzer\runs\black\agent_batch\20260126_200702\4865e32_20260126_200956\docstring_patch_4865e32.diff,0,0,2248,,2,0,True
0,2,6296607,2649,2,D:\locbench\analyzer\runs\black\agent_batch\20260126_200702\6296607_20260126_200959\history.json,110,229,0.4645030425963489,154,493,0,0,0,True,0,D:\locbench\analyzer\runs\black\agent_batch\20260126_200702\6296607_20260126_200959\docstring_patch_6296607.diff,0,0,2737,,4,0,True
0,0,4e8a7aa,2169,0,D:\locbench\analyzer\runs\black\agent_batch\20260126_200702\4e8a7aa_20260126_201001\history.json,0,0,0.0,0,0,0,0,0,True,0,D:\locbench\analyzer\runs\black\agent_batch\20260126_200702\4e8a7aa_20260126_201001\docstring_patch_4e8a7aa.diff,0,0,2267,,2,0,True
0,0,6122359,2176,0,D:\locbench\analyzer\runs\black\agent_batch\20260126_200702\6122359_20260126_201004\history.json,0,0,0.0,0,0,0,0,0,True,0,D:\locbench\analyzer\runs\black\agent_batch\20260126_200702\6122359_20260126_201004\docstring_patch_6122359.diff,0,0,2267,,2,0,True
0,1,27a3085,2335,1,D:\locbench\analyzer\runs\black\agent_batch\20260126_200702\27a3085_20260126_201006\history.json,58,199,0.5497237569060773,105,362,0,0,0,True,0,D:\locbench\analyzer\runs\black\agent_batch\20260126_200702\27a3085_20260126_201006\docstring_patch_27a3085.diff,0,0,2423,,3,0,True
0,3,e97cf5b,2342,1,D:\locbench\analyzer\runs\black\agent_batch\20260126_200702\e97cf5b_20260126_201008\history.json,6,15,0.6521739130434783,2,23,1,1,1,True,1,D:\locbench\analyzer\runs\black\agent_batch\20260126_200702\e97cf5b_20260126_201008\docstring_patch_e97cf5b.diff,0,1,2433,,3,1,True
0,0,fdc606e,2177,0,D:\locbench\analyzer\runs\black\agent_batch\20260126_200702\fdc606e_20260126_201011\history.json,0,0,0.0,0,0,0,0,0,True,0,D:\locbench\analyzer\runs\black\agent_batch\20260126_200702\fdc606e_20260126_201011\docstring_patch_fdc606e.diff,0,0,2276,,2,0,True
0,3,43dbc2f,2397,1,D:\locbench\analyzer\runs\black\agent_batch\20260126_200702\43dbc2f_20260126_201013\history.json,8,53,0.381294964028777,78,139,1,1,1,True,5,D:\locbench\analyzer\runs\black\agent_batch\20260126_200702\43dbc2f_20260126_201013\docstring_patch_43dbc2f.diff,0,5,2490,,3,1,True
0,0,298f8e7,2127,0,D:\locbench\analyzer\runs\black\agent_batch\20260126_200702\298f8e7_20260126_201016\history.json,0,0,0.0,0,0,0,0,0,True,0,D:\locbench\analyzer\runs\black\agent_batch\20260126_200702\298f8e7_20260126_201016\docstring_patch_298f8e7.diff,0,0,2216,,2,0,True
0,5,0fc6fb7,2342,1,D:\locbench\analyzer\runs\black\agent_batch\20260126_200702\0fc6fb7_20260126_201018\history.json,14,26,0.5416666666666666,8,48,2,1,2,True,11,D:\locbench\analyzer\runs\black\agent_batch\20260126_200702\0fc6fb7_20260126_201018\docstring_patch_0fc6fb7.diff,0,11,2439,,3,2,True
0,1,517aac5,2441,1,D:\locbench\analyzer\runs\black\agent_batch\20260126_200702\517aac5_20260126_201020\history.json,2,7,0.7,1,10,0,0,0,True,0,D:\locbench\analyzer\runs\black\agent_batch\20260126_200702\517aac5_20260126_201020\docstring_patch_517aac5.diff,0,0,2538,,3,0,True
0,7,95a1e75,2334,1,D:\locbench\analyzer\runs\black\agent_batch\20260126_200702\95a1e75_20260126_201023\history.json,18,66,0.4,81,165,3,1,3,True,12,D:\locbench\analyzer\runs\black\agent_batch\20260126_200702\95a1e75_20260126_201023\docstring_patch_95a1e75.diff,0,12,2421,,3,3,True
0,0,9a2ee5e,2175,0,D:\locbench\analyzer\runs\black\agent_batch\20260126_200702\9a2ee5e_20260126_201025\history.json,0,0,0.0,0,0,0,0,0,True,0,D:\locbench\analyzer\runs\black\agent_batch\20260126_200702\9a2ee5e_20260126_201025\docstring_patch_9a2ee5e.diff,0,0,2261,,2,0,True
0,0,c359dae,2152,0,D:\locbench\analyzer\runs\black\agent_batch\20260126_200702\c359dae_20260126_201028\history.json,0,0,0.0,0,0,0,0,0,True,0,D:\locbench\analyzer\runs\black\agent_batch\20260126_200702\c359dae_20260126_201028\docstring_patch_c359dae.diff,0,0,2237,,2,0,True
0,0,cafb0f7,2146,0,D:\locbench\analyzer\runs\black\agent_batch\20260126_200702\cafb0f7_20260126_201030\history.json,0,0,0.0,0,0,0,0,0,True,0,D:\locbench\analyzer\runs\black\agent_batch\20260126_200702\cafb0f7_20260126_201030\docstring_patch_cafb0f7.diff,0,0,2239,,2,0,True
0,37,4380e55,3446,5,D:\locbench\analyzer\runs\black\agent_batch\20260126_200702\4380e55_20260126_201032\history.json,124,312,0.6277665995975855,61,497,16,4,16,True,73,D:\locbench\analyzer\runs\black\agent_batch\20260126_200702\4380e55_20260126_201032\docstring_patch_4380e55.diff,0,73,3540,,7,16,True
0,0,3a9b57f,2153,0,D:\locbench\analyzer\runs\black\agent_batch\20260126_200702\3a9b57f_20260126_201036\history.json,0,0,0.0,0,0,0,0,0,True,0,D:\locbench\analyzer\runs\black\agent_batch\20260126_200702\3a9b57f_20260126_201036\docstring_patch_3a9b57f.diff,0,0,2239,,2,0,True
0,0,a30a825,2158,0,D:\locbench\analyzer\runs\black\agent_batch\20260126_200702\a30a825_20260126_201038\history.json,0,0,0.0,0,0,0,0,0,True,0,D:\locbench\analyzer\runs\black\agent_batch\20260126_200702\a30a825_20260126_201038\docstring_patch_a30a825.diff,0,0,2251,,2,0,True
0,2,8203030,2615,2,D:\locbench\analyzer\runs\black\agent_batch\20260126_200702\8203030_20260126_201040\history.json,15,99,0.7857142857142857,12,126,0,0,0,True,0,D:\locbench\analyzer\runs\black\agent_batch\20260126_200702\8203030_20260126_201040\docstring_patch_8203030.diff,0,0,2705,,4,0,True
0,0,0b8f222,2168,0,D:\locbench\analyzer\runs\black\agent_batch\20260126_200702\0b8f222_20260126_201043\history.json,0,0,0.0,0,0,0,0,0,True,0,D:\locbench\analyzer\runs\black\agent_batch\20260126_200702\0b8f222_20260126_201043\docstring_patch_0b8f222.diff,0,0,2256,,2,0,True
0,0,ce9c7ff,2221,0,D:\locbench\analyzer\runs\black\agent_batch\20260126_200702\ce9c7ff_20260126_201045\history.json,0,0,0.0,0,0,0,0,0,True,0,D:\locbench\analyzer\runs\black\agent_batch\20260126_200702\ce9c7ff_20260126_201045\docstring_patch_ce9c7ff.diff,0,0,2309,,2,0,True
0,5,be62dea,2369,1,D:\locbench\analyzer\runs\black\agent_batch\20260126_200702\be62dea_20260126_201047\history.json,10,33,0.20121951219512196,121,164,2,1,2,True,6,D:\locbench\analyzer\runs\black\agent_batch\20260126_200702\be62dea_20260126_201047\docstring_patch_be62dea.diff,0,6,2458,,3,2,True
0,3,903bef5,2323,1,D:\locbench\analyzer\runs\black\agent_batch\20260126_200702\903bef5_20260126_201050\history.json,15,24,0.39344262295081966,22,61,1,1,1,True,6,D:\locbench\analyzer\runs\black\agent_batch\20260126_200702\903bef5_20260126_201050\docstring_patch_903bef5.diff,0,6,2410,,3,1,True
0,0,2f7e323,2157,0,D:\locbench\analyzer\runs\black\agent_batch\20260126_200702\2f7e323_20260126_201052\history.json,0,0,0.0,0,0,0,0,0,True,0,D:\locbench\analyzer\runs\black\agent_batch\20260126_200702\2f7e323_20260126_201052\docstring_patch_2f7e323.diff,0,0,2258,,2,0,True
0,7,77f16a7,2793,3,D:\locbench\analyzer\runs\black\agent_batch\20260126_200702\77f16a7_20260126_201055\history.json,6,150,0.847457627118644,21,177,2,1,2,True,10,D:\locbench\analyzer\runs\black\agent_batch\20260126_200702\77f16a7_20260126_201055\docstring_patch_77f16a7.diff,0,10,2886,,5,2,True
0,5,4a8e6b7,2365,1,D:\locbench\analyzer\runs\black\agent_batch\20260126_200702\4a8e6b7_20260126_201057\history.json,9,67,0.7613636363636364,12,88,2,1,2,True,11,D:\locbench\analyzer\runs\black\agent_batch\20260126_200702\4a8e6b7_20260126_201057\docstring_patch_4a8e6b7.diff,0,11,2451,,3,2,True
0,0,43135e9,2170,0,D:\locbench\analyzer\runs\black\agent_batch\20260126_200702\43135e9_20260126_201100\history.json,0,0,0.0,0,0,0,0,0,True,0,D:\locbench\analyzer\runs\black\agent_batch\20260126_200702\43135e9_20260126_201100\docstring_patch_43135e9.diff,0,0,2257,,2,0,True
0,0,6384eeb,2181,0,D:\locbench\analyzer\runs\black\agent_batch\20260126_200702\6384eeb_20260126_201102\history.json,0,0,0.0,0,0,0,0,0,True,0,D:\locbench\analyzer\runs\black\agent_batch\20260126_200702\6384eeb_20260126_201102\docstring_patch_6384eeb.diff,0,0,2273,,2,0,True
0,3,147129d,2321,1,D:\locbench\analyzer\runs\black\agent_batch\20260126_200702\147129d_20260126_201104\history.json,6,12,0.6666666666666666,0,18,1,1,1,True,1,D:\locbench\analyzer\runs\black\agent_batch\20260126_200702\147129d_20260126_201104\docstring_patch_147129d.diff,0,1,2416,,3,1,True
0,5,9363888,2318,1,D:\locbench\analyzer\runs\black\agent_batch\20260126_200702\9363888_20260126_201107\history.json,11,13,0.5416666666666666,0,24,2,1,2,True,2,D:\locbench\analyzer\runs\black\agent_batch\20260126_200702\9363888_20260126_201107\docstring_patch_9363888.diff,0,2,2432,,3,2,True
0,0,96ef60e,2212,0,D:\locbench\analyzer\runs\black\agent_batch\20260126_200702\96ef60e_20260126_201109\history.json,0,0,0.0,0,0,0,0,0,True,0,D:\locbench\analyzer\runs\black\agent_batch\20260126_200702\96ef60e_20260126_201109\docstring_patch_96ef60e.diff,0,0,2298,,2,0,True
0,0,af0ba72,2192,0,D:\locbench\analyzer\runs\black\agent_batch\20260126_200702\af0ba72_20260126_201112\history.json,0,0,0.0,0,0,0,0,0,True,0,D:\locbench\analyzer\runs\black\agent_batch\20260126_200702\af0ba72_20260126_201112\docstring_patch_af0ba72.diff,0,0,2283,,2,0,True
0,5,ffc01a0,2367,1,D:\locbench\analyzer\runs\black\agent_batch\20260126_200702\ffc01a0_20260126_201114\history.json,9,67,0.7613636363636364,12,88,2,1,2,True,11,D:\locbench\analyzer\runs\black\agent_batch\20260126_200702\ffc01a0_20260126_201114\docstring_patch_ffc01a0.diff,0,11,2459,,3,2,True
0,3,626b32f,2790,3,D:\locbench\analyzer\runs\black\agent_batch\20260126_200702\626b32f_20260126_201116\history.json,73,113,0.3843537414965986,108,294,0,0,0,True,0,D:\locbench\analyzer\runs\black\agent_batch\20260126_200702\626b32f_20260126_201116\docstring_patch_626b32f.diff,0,0,2882,,5,0,True
0,1,57a4612,2318,1,D:\locbench\analyzer\runs\black\agent_batch\20260126_200702\57a4612_20260126_201119\history.json,6,37,0.8043478260869565,3,46,0,0,0,True,0,D:\locbench\analyzer\runs\black\agent_batch\20260126_200702\57a4612_20260126_201119\docstring_patch_57a4612.diff,0,0,2408,,3,0,True
0,8,4f6ad7c,2721,2,D:\locbench\analyzer\runs\black\agent_batch\20260126_200702\4f6ad7c_20260126_201122\history.json,38,224,0.7516778523489933,36,298,3,1,3,True,17,D:\locbench\analyzer\runs\black\agent_batch\20260126_200702\4f6ad7c_20260126_201122\docstring_patch_4f6ad7c.diff,0,17,2814,,4,3,True
0,9,24f5169,2350,1,D:\locbench\analyzer\runs\black\agent_batch\20260126_200702\24f5169_20260126_201124\history.json,23,81,0.421875,88,192,4,1,4,True,17,D:\locbench\analyzer\runs\black\agent_batch\20260126_200702\24f5169_20260126_201124\docstring_patch_24f5169.diff,0,17,2440,,3,4,True
0,0,4d55e60,2323,0,D:\locbench\analyzer\runs\black\agent_batch\20260126_200702\4d55e60_20260126_201127\history.json,0,0,0.0,0,0,0,0,0,True,0,D:\locbench\analyzer\runs\black\agent_batch\20260126_200702\4d55e60_20260126_201127\docstring_patch_4d55e60.diff,0,0,2419,,2,0,True
0,1,0cf39ef,2418,1,D:\locbench\analyzer\runs\black\agent_batch\20260126_200702\0cf39ef_20260126_201129\history.json,8,3,0.2727272727272727,0,11,0,0,0,True,0,D:\locbench\analyzer\runs\black\agent_batch\20260126_200702\0cf39ef_20260126_201129\docstring_patch_0cf39ef.diff,0,0,2522,,3,0,True
0,5,1f779de,2492,1,D:\locbench\analyzer\runs\black\agent_batch\20260126_200702\1f779de_20260126_201132\history.json,11,116,0.5742574257425742,75,202,2,1,2,True,10,D:\locbench\analyzer\runs\black\agent_batch\20260126_200702\1f779de_20260126_201132\docstring_patch_1f779de.diff,0,10,2587,,3,2,True
0,1,203fd6b,2465,1,D:\locbench\analyzer\runs\black\agent_batch\20260126_200702\203fd6b_20260126_201135\history.json,4,61,0.45185185185185184,70,135,0,0,0,True,0,D:\locbench\analyzer\runs\black\agent_batch\20260126_200702\203fd6b_20260126_201135\docstring_patch_203fd6b.diff,0,0,2556,,3,0,True
1,,dd937dc,,,,,,,,,,,,False,,,,,660,"Traceback (most recent call last):
  File ""D:\locbench\analyzer\unidiff_extract\agent.py"", line 541, in <module>
    main()
    ~~~~^^
  File ""D:\locbench\analyzer\unidiff_extract\agent.py"", line 353, in main
    _run(
    ~~~~^
        [
        ^
    ...<8 lines>...
        ]
        ^
    )
    ^
  File ""D:\locbench\analyzer\unidiff_extract\agent.py"", line 42, in _run
    out = subprocess.check_output(cmd, cwd=cwd, stderr=subprocess.STDOUT)
  File ""E:\miniconda3\Lib\subprocess.py"", line 472, in check_output
    return run(*popenargs, stdout=PIPE, timeout=timeout, check=True,
           ~~~^^^^^^^^^^^^^^^^^^^^^^^^^^^^^^^^^^^^^^^^^^^^^^^^^^^^^^
               **kwargs).stdout
               ^^^^^^^^^
  File ""E:\miniconda3\Lib\subprocess.py"", line 577, in run
    raise CalledProcessError(retcode, process.args,
                             output=stdout, stderr=stderr)
subprocess.CalledProcessError: Command '['python', 'D:\\locbench\\analyzer\\unidiff_extract\\extract_seeds.py', '--repo', 'D:\\locbench\\black', '--commit', 'dd937dc', '--out', 'D:\\locbench\\analyzer\\runs\\black\\agent_batch\\20260126_200702\\dd937dc_20260126_201137\\impacted_seeds_dd937dc.json']' returned non-zero exit status 1.
",,,
0,0,abd5f08,2259,0,D:\locbench\analyzer\runs\black\agent_batch\20260126_200702\abd5f08_20260126_201138\history.json,0,0,0.0,0,0,0,0,0,True,0,D:\locbench\analyzer\runs\black\agent_batch\20260126_200702\abd5f08_20260126_201138\docstring_patch_abd5f08.diff,0,0,2346,,2,0,True
0,1,9c47b6e,2451,1,D:\locbench\analyzer\runs\black\agent_batch\20260126_200702\9c47b6e_20260126_201140\history.json,43,41,0.45555555555555555,6,90,0,0,0,True,0,D:\locbench\analyzer\runs\black\agent_batch\20260126_200702\9c47b6e_20260126_201140\docstring_patch_9c47b6e.diff,0,0,2554,,3,0,True
0,0,b3ae57b,2486,0,D:\locbench\analyzer\runs\black\agent_batch\20260126_200702\b3ae57b_20260126_201143\history.json,0,0,0.0,0,0,0,0,0,True,0,D:\locbench\analyzer\runs\black\agent_batch\20260126_200702\b3ae57b_20260126_201143\docstring_patch_b3ae57b.diff,0,0,2577,,2,0,True
0,3,3a96e06,2769,1,D:\locbench\analyzer\runs\black\agent_batch\20260126_200702\3a96e06_20260126_201145\history.json,2,16,0.6153846153846154,8,26,1,1,1,True,6,D:\locbench\analyzer\runs\black\agent_batch\20260126_200702\3a96e06_20260126_201145\docstring_patch_3a96e06.diff,0,6,2894,,3,1,True
0,0,bdd7fcd,2686,0,D:\locbench\analyzer\runs\black\agent_batch\20260126_200702\bdd7fcd_20260126_201148\history.json,0,0,0.0,0,0,0,0,0,True,0,D:\locbench\analyzer\runs\black\agent_batch\20260126_200702\bdd7fcd_20260126_201148\docstring_patch_bdd7fcd.diff,0,0,2796,,2,0,True
0,0,30275ed,2521,0,D:\locbench\analyzer\runs\black\agent_batch\20260126_200702\30275ed_20260126_201151\history.json,0,0,0.0,0,0,0,0,0,True,0,D:\locbench\analyzer\runs\black\agent_batch\20260126_200702\30275ed_20260126_201151\docstring_patch_30275ed.diff,0,0,2638,,2,0,True
0,0,f4926ac,2501,0,D:\locbench\analyzer\runs\black\agent_batch\20260126_200702\f4926ac_20260126_201154\history.json,0,0,0.0,0,0,0,0,0,True,0,D:\locbench\analyzer\runs\black\agent_batch\20260126_200702\f4926ac_20260126_201154\docstring_patch_f4926ac.diff,0,0,2616,,2,0,True
0,0,1fb9542,2468,0,D:\locbench\analyzer\runs\black\agent_batch\20260126_200702\1fb9542_20260126_201156\history.json,0,0,0.0,0,0,0,0,0,True,0,D:\locbench\analyzer\runs\black\agent_batch\20260126_200702\1fb9542_20260126_201156\docstring_patch_1fb9542.diff,0,0,2593,,2,0,True
0,0,bbc36ea,2510,0,D:\locbench\analyzer\runs\black\agent_batch\20260126_200702\bbc36ea_20260126_201159\history.json,0,0,0.0,0,0,0,0,0,True,0,D:\locbench\analyzer\runs\black\agent_batch\20260126_200702\bbc36ea_20260126_201159\docstring_patch_bbc36ea.diff,0,0,2631,,2,0,True
0,1,89f3610,3032,1,D:\locbench\analyzer\runs\black\agent_batch\20260126_200702\89f3610_20260126_201202\history.json,12,181,0.6464285714285715,87,280,0,0,0,True,0,D:\locbench\analyzer\runs\black\agent_batch\20260126_200702\89f3610_20260126_201202\docstring_patch_89f3610.diff,0,0,3152,,3,0,True
0,11,a8de14f,4073,7,D:\locbench\analyzer\runs\black\agent_batch\20260126_200702\a8de14f_20260126_201205\history.json,186,346,0.5210843373493976,132,664,2,1,2,True,11,D:\locbench\analyzer\runs\black\agent_batch\20260126_200702\a8de14f_20260126_201205\docstring_patch_a8de14f.diff,0,11,4200,,9,2,True
0,1,9a87bab,2762,1,D:\locbench\analyzer\runs\black\agent_batch\20260126_200702\9a87bab_20260126_201209\history.json,15,98,0.784,12,125,0,0,0,True,0,D:\locbench\analyzer\runs\black\agent_batch\20260126_200702\9a87bab_20260126_201209\docstring_patch_9a87bab.diff,0,0,2894,,3,0,True
0,0,b085473,2385,0,D:\locbench\analyzer\runs\black\agent_batch\20260126_200702\b085473_20260126_201212\history.json,0,0,0.0,0,0,0,0,0,True,0,D:\locbench\analyzer\runs\black\agent_batch\20260126_200702\b085473_20260126_201212\docstring_patch_b085473.diff,0,0,2501,,2,0,True
0,3,262ad62,2583,1,D:\locbench\analyzer\runs\black\agent_batch\20260126_200702\262ad62_20260126_201214\history.json,10,46,0.48936170212765956,38,94,1,1,1,True,5,D:\locbench\analyzer\runs\black\agent_batch\20260126_200702\262ad62_20260126_201214\docstring_patch_262ad62.diff,0,5,2699,,3,1,True
0,0,8310a11,2271,0,D:\locbench\analyzer\runs\black\agent_batch\20260126_200702\8310a11_20260126_201217\history.json,0,0,0.0,0,0,0,0,0,True,0,D:\locbench\analyzer\runs\black\agent_batch\20260126_200702\8310a11_20260126_201217\docstring_patch_8310a11.diff,0,0,2359,,2,0,True
0,0,df0ac36,2596,0,D:\locbench\analyzer\runs\black\agent_batch\20260126_200702\df0ac36_20260126_201219\history.json,0,0,0.0,0,0,0,0,0,True,0,D:\locbench\analyzer\runs\black\agent_batch\20260126_200702\df0ac36_20260126_201219\docstring_patch_df0ac36.diff,0,0,2716,,2,0,True
0,1,60d734a,2484,1,D:\locbench\analyzer\runs\black\agent_batch\20260126_200702\60d734a_20260126_201222\history.json,31,159,0.7293577981651376,28,218,0,0,0,True,0,D:\locbench\analyzer\runs\black\agent_batch\20260126_200702\60d734a_20260126_201222\docstring_patch_60d734a.diff,0,0,2572,,3,0,True
0,0,95bc569,2236,0,D:\locbench\analyzer\runs\black\agent_batch\20260126_200702\95bc569_20260126_201225\history.json,0,0,0.0,0,0,0,0,0,True,0,D:\locbench\analyzer\runs\black\agent_batch\20260126_200702\95bc569_20260126_201225\docstring_patch_95bc569.diff,0,0,2339,,2,0,True
0,0,a34d236,2176,0,D:\locbench\analyzer\runs\black\agent_batch\20260126_200702\a34d236_20260126_201227\history.json,0,0,0.0,0,0,0,0,0,True,0,D:\locbench\analyzer\runs\black\agent_batch\20260126_200702\a34d236_20260126_201227\docstring_patch_a34d236.diff,0,0,2262,,2,0,True
0,0,5adbb6c,2165,0,D:\locbench\analyzer\runs\black\agent_batch\20260126_200702\5adbb6c_20260126_201229\history.json,0,0,0.0,0,0,0,0,0,True,0,D:\locbench\analyzer\runs\black\agent_batch\20260126_200702\5adbb6c_20260126_201229\docstring_patch_5adbb6c.diff,0,0,2252,,2,0,True
0,5,6681d5a,2354,1,D:\locbench\analyzer\runs\black\agent_batch\20260126_200702\6681d5a_20260126_201232\history.json,13,200,0.7874015748031497,41,254,2,1,2,True,11,D:\locbench\analyzer\runs\black\agent_batch\20260126_200702\6681d5a_20260126_201232\docstring_patch_6681d5a.diff,0,11,2449,,3,2,True
0,5,e2dc6b3,2333,1,D:\locbench\analyzer\runs\black\agent_batch\20260126_200702\e2dc6b3_20260126_201234\history.json,11,26,0.6666666666666666,2,39,2,1,2,True,2,D:\locbench\analyzer\runs\black\agent_batch\20260126_200702\e2dc6b3_20260126_201234\docstring_patch_e2dc6b3.diff,0,2,2419,,3,2,True
0,0,5977532,2251,0,D:\locbench\analyzer\runs\black\agent_batch\20260126_200702\5977532_20260126_201236\history.json,0,0,0.0,0,0,0,0,0,True,0,D:\locbench\analyzer\runs\black\agent_batch\20260126_200702\5977532_20260126_201236\docstring_patch_5977532.diff,0,0,2344,,2,0,True
0,40,7987951,3314,6,D:\locbench\analyzer\runs\black\agent_batch\20260126_200702\7987951_20260126_201239\history.json,50,234,0.5306122448979592,157,441,17,5,17,True,67,D:\locbench\analyzer\runs\black\agent_batch\20260126_200702\7987951_20260126_201239\docstring_patch_7987951.diff,0,67,3415,,8,17,True
0,4,e5e5dad,2760,2,D:\locbench\analyzer\runs\black\agent_batch\20260126_200702\e5e5dad_20260126_201242\history.json,12,37,0.44047619047619047,35,84,1,1,1,True,6,D:\locbench\analyzer\runs\black\agent_batch\20260126_200702\e5e5dad_20260126_201242\docstring_patch_e5e5dad.diff,0,6,2849,,4,1,True
0,3,24e4cb2,2897,1,D:\locbench\analyzer\runs\black\agent_batch\20260126_200702\24e4cb2_20260126_201245\history.json,8,5,0.38461538461538464,0,13,1,1,1,True,6,D:\locbench\analyzer\runs\black\agent_batch\20260126_200702\24e4cb2_20260126_201245\docstring_patch_24e4cb2.diff,0,6,3007,,3,1,True
0,5,e7bf7b4,2487,1,D:\locbench\analyzer\runs\black\agent_batch\20260126_200702\e7bf7b4_20260126_201248\history.json,0,6,1.0,0,6,2,1,2,True,12,D:\locbench\analyzer\runs\black\agent_batch\20260126_200702\e7bf7b4_20260126_201248\docstring_patch_e7bf7b4.diff,0,12,2583,,3,2,True
0,3,71e380a,2531,1,D:\locbench\analyzer\runs\black\agent_batch\20260126_200702\71e380a_20260126_201251\history.json,15,24,0.39344262295081966,22,61,1,1,1,True,6,D:\locbench\analyzer\runs\black\agent_batch\20260126_200702\71e380a_20260126_201251\docstring_patch_71e380a.diff,0,6,2621,,3,1,True
0,0,2630801,2324,0,D:\locbench\analyzer\runs\black\agent_batch\20260126_200702\2630801_20260126_201253\history.json,0,0,0.0,0,0,0,0,0,True,0,D:\locbench\analyzer\runs\black\agent_batch\20260126_200702\2630801_20260126_201253\docstring_patch_2630801.diff,0,0,2418,,2,0,True
0,0,b0f36f5,2383,0,D:\locbench\analyzer\runs\black\agent_batch\20260126_200702\b0f36f5_20260126_201256\history.json,0,0,0.0,0,0,0,0,0,True,0,D:\locbench\analyzer\runs\black\agent_batch\20260126_200702\b0f36f5_20260126_201256\docstring_patch_b0f36f5.diff,0,0,2510,,2,0,True
0,0,314f8cf,2291,0,D:\locbench\analyzer\runs\black\agent_batch\20260126_200702\314f8cf_20260126_201258\history.json,0,0,0.0,0,0,0,0,0,True,0,D:\locbench\analyzer\runs\black\agent_batch\20260126_200702\314f8cf_20260126_201258\docstring_patch_314f8cf.diff,0,0,2381,,2,0,True
0,8,d0ff3bd,3014,2,D:\locbench\analyzer\runs\black\agent_batch\20260126_200702\d0ff3bd_20260126_201301\history.json,36,62,0.5486725663716814,15,113,3,2,3,True,16,D:\locbench\analyzer\runs\black\agent_batch\20260126_200702\d0ff3bd_20260126_201301\docstring_patch_d0ff3bd.diff,0,16,3107,,4,3,True
0,0,a41dc89,2260,0,D:\locbench\analyzer\runs\black\agent_batch\20260126_200702\a41dc89_20260126_201304\history.json,0,0,0.0,0,0,0,0,0,True,0,D:\locbench\analyzer\runs\black\agent_batch\20260126_200702\a41dc89_20260126_201304\docstring_patch_a41dc89.diff,0,0,2353,,2,0,True
0,6,950ec38,2921,2,D:\locbench\analyzer\runs\black\agent_batch\20260126_200702\950ec38_20260126_201306\history.json,36,68,0.5714285714285714,15,119,2,1,2,True,10,D:\locbench\analyzer\runs\black\agent_batch\20260126_200702\950ec38_20260126_201306\docstring_patch_950ec38.diff,0,10,3035,,4,2,True
0,1,2c135ed,2915,1,D:\locbench\analyzer\runs\black\agent_batch\20260126_200702\2c135ed_20260126_201309\history.json,21,118,0.7468354430379747,19,158,0,0,0,True,0,D:\locbench\analyzer\runs\black\agent_batch\20260126_200702\2c135ed_20260126_201309\docstring_patch_2c135ed.diff,0,0,3039,,3,0,True
0,5,6144c46,2658,1,D:\locbench\analyzer\runs\black\agent_batch\20260126_200702\6144c46_20260126_201312\history.json,29,19,0.3958333333333333,0,48,2,1,2,True,10,D:\locbench\analyzer\runs\black\agent_batch\20260126_200702\6144c46_20260126_201312\docstring_patch_6144c46.diff,0,10,2762,,3,2,True
0,5,dd278cb,2641,1,D:\locbench\analyzer\runs\black\agent_batch\20260126_200702\dd278cb_20260126_201315\history.json,10,33,0.20121951219512196,121,164,2,1,2,True,6,D:\locbench\analyzer\runs\black\agent_batch\20260126_200702\dd278cb_20260126_201315\docstring_patch_dd278cb.diff,0,6,2753,,3,2,True
0,9,dbb14ea,2644,1,D:\locbench\analyzer\runs\black\agent_batch\20260126_200702\dbb14ea_20260126_201318\history.json,11,192,0.7966804979253111,38,241,4,1,4,True,24,D:\locbench\analyzer\runs\black\agent_batch\20260126_200702\dbb14ea_20260126_201318\docstring_patch_dbb14ea.diff,0,24,2833,,3,4,True
0,20,5342d2e,2993,4,D:\locbench\analyzer\runs\black\agent_batch\20260126_200702\5342d2e_20260126_201321\history.json,33,199,0.5835777126099707,109,341,8,3,8,True,35,D:\locbench\analyzer\runs\black\agent_batch\20260126_200702\5342d2e_20260126_201321\docstring_patch_5342d2e.diff,0,35,3085,,6,8,True
0,0,9f38928,2248,0,D:\locbench\analyzer\runs\black\agent_batch\20260126_200702\9f38928_20260126_201324\history.json,0,0,0.0,0,0,0,0,0,True,0,D:\locbench\analyzer\runs\black\agent_batch\20260126_200702\9f38928_20260126_201324\docstring_patch_9f38928.diff,0,0,2347,,2,0,True
0,2,3e9dd25,2956,2,D:\locbench\analyzer\runs\black\agent_batch\20260126_200702\3e9dd25_20260126_201326\history.json,27,226,0.7713310580204779,40,293,0,0,0,True,0,D:\locbench\analyzer\runs\black\agent_batch\20260126_200702\3e9dd25_20260126_201326\docstring_patch_3e9dd25.diff,0,0,3055,,4,0,True
0,0,bb802cf,2245,0,D:\locbench\analyzer\runs\black\agent_batch\20260126_200702\bb802cf_20260126_201329\history.json,0,0,0.0,0,0,0,0,0,True,0,D:\locbench\analyzer\runs\black\agent_batch\20260126_200702\bb802cf_20260126_201329\docstring_patch_bb802cf.diff,0,0,2340,,2,0,True
0,0,5ae38dd,2507,0,D:\locbench\analyzer\runs\black\agent_batch\20260126_200702\5ae38dd_20260126_201332\history.json,0,0,0.0,0,0,0,0,0,True,0,D:\locbench\analyzer\runs\black\agent_batch\20260126_200702\5ae38dd_20260126_201332\docstring_patch_5ae38dd.diff,0,0,2617,,2,0,True
0,0,45cbe57,2463,0,D:\locbench\analyzer\runs\black\agent_batch\20260126_200702\45cbe57_20260126_201334\history.json,0,0,0.0,0,0,0,0,0,True,0,D:\locbench\analyzer\runs\black\agent_batch\20260126_200702\45cbe57_20260126_201334\docstring_patch_45cbe57.diff,0,0,2573,,2,0,True
0,3,fccd70c,2430,1,D:\locbench\analyzer\runs\black\agent_batch\20260126_200702\fccd70c_20260126_201337\history.json,9,8,0.4444444444444444,1,18,1,1,1,True,1,D:\locbench\analyzer\runs\black\agent_batch\20260126_200702\fccd70c_20260126_201337\docstring_patch_fccd70c.diff,0,1,2518,,3,1,True
0,0,00c0d6d,2296,0,D:\locbench\analyzer\runs\black\agent_batch\20260126_200702\00c0d6d_20260126_201339\history.json,0,0,0.0,0,0,0,0,0,True,0,D:\locbench\analyzer\runs\black\agent_batch\20260126_200702\00c0d6d_20260126_201339\docstring_patch_00c0d6d.diff,0,0,2395,,2,0,True
0,0,0580ecb,2262,0,D:\locbench\analyzer\runs\black\agent_batch\20260126_200702\0580ecb_20260126_201342\history.json,0,0,0.0,0,0,0,0,0,True,0,D:\locbench\analyzer\runs\black\agent_batch\20260126_200702\0580ecb_20260126_201342\docstring_patch_0580ecb.diff,0,0,2361,,2,0,True
0,0,ed64d89,2537,0,D:\locbench\analyzer\runs\black\agent_batch\20260126_200702\ed64d89_20260126_201344\history.json,0,0,0.0,0,0,0,0,0,True,0,D:\locbench\analyzer\runs\black\agent_batch\20260126_200702\ed64d89_20260126_201344\docstring_patch_ed64d89.diff,0,0,2624,,2,0,True
0,0,452d3b6,2261,0,D:\locbench\analyzer\runs\black\agent_batch\20260126_200702\452d3b6_20260126_201347\history.json,0,0,0.0,0,0,0,0,0,True,0,D:\locbench\analyzer\runs\black\agent_batch\20260126_200702\452d3b6_20260126_201347\docstring_patch_452d3b6.diff,0,0,2349,,2,0,True
0,3,256f342,2474,1,D:\locbench\analyzer\runs\black\agent_batch\20260126_200702\256f342_20260126_201349\history.json,15,2,0.11764705882352941,0,17,1,1,1,True,6,D:\locbench\analyzer\runs\black\agent_batch\20260126_200702\256f342_20260126_201349\docstring_patch_256f342.diff,0,6,2566,,3,1,True
0,0,00cb6d1,2249,0,D:\locbench\analyzer\runs\black\agent_batch\20260126_200702\00cb6d1_20260126_201352\history.json,0,0,0.0,0,0,0,0,0,True,0,D:\locbench\analyzer\runs\black\agent_batch\20260126_200702\00cb6d1_20260126_201352\docstring_patch_00cb6d1.diff,0,0,2344,,2,0,True
0,0,14e1de8,2333,0,D:\locbench\analyzer\runs\black\agent_batch\20260126_200702\14e1de8_20260126_201354\history.json,0,0,0.0,0,0,0,0,0,True,0,D:\locbench\analyzer\runs\black\agent_batch\20260126_200702\14e1de8_20260126_201354\docstring_patch_14e1de8.diff,0,0,2424,,2,0,True
0,0,5f23701,2313,0,D:\locbench\analyzer\runs\black\agent_batch\20260126_200702\5f23701_20260126_201356\history.json,0,0,0.0,0,0,0,0,0,True,0,D:\locbench\analyzer\runs\black\agent_batch\20260126_200702\5f23701_20260126_201356\docstring_patch_5f23701.diff,0,0,2403,,2,0,True
0,0,9c12956,2312,0,D:\locbench\analyzer\runs\black\agent_batch\20260126_200702\9c12956_20260126_201359\history.json,0,0,0.0,0,0,0,0,0,True,0,D:\locbench\analyzer\runs\black\agent_batch\20260126_200702\9c12956_20260126_201359\docstring_patch_9c12956.diff,0,0,2400,,2,0,True
0,0,c02ca47,2266,0,D:\locbench\analyzer\runs\black\agent_batch\20260126_200702\c02ca47_20260126_201401\history.json,0,0,0.0,0,0,0,0,0,True,0,D:\locbench\analyzer\runs\black\agent_batch\20260126_200702\c02ca47_20260126_201401\docstring_patch_c02ca47.diff,0,0,2355,,2,0,True
0,0,edaf085,2454,0,D:\locbench\analyzer\runs\black\agent_batch\20260126_200702\edaf085_20260126_201404\history.json,0,0,0.0,0,0,0,0,0,True,0,D:\locbench\analyzer\runs\black\agent_batch\20260126_200702\edaf085_20260126_201404\docstring_patch_edaf085.diff,0,0,2553,,2,0,True
0,0,b844c8a,2258,0,D:\locbench\analyzer\runs\black\agent_batch\20260126_200702\b844c8a_20260126_201406\history.json,0,0,0.0,0,0,0,0,0,True,0,D:\locbench\analyzer\runs\black\agent_batch\20260126_200702\b844c8a_20260126_201406\docstring_patch_b844c8a.diff,0,0,2360,,2,0,True
0,0,d82da0f,2238,0,D:\locbench\analyzer\runs\black\agent_batch\20260126_200702\d82da0f_20260126_201409\history.json,0,0,0.0,0,0,0,0,0,True,0,D:\locbench\analyzer\runs\black\agent_batch\20260126_200702\d82da0f_20260126_201409\docstring_patch_d82da0f.diff,0,0,2330,,2,0,True
0,0,8a737e7,2183,0,D:\locbench\analyzer\runs\black\agent_batch\20260126_200702\8a737e7_20260126_201411\history.json,0,0,0.0,0,0,0,0,0,True,0,D:\locbench\analyzer\runs\black\agent_batch\20260126_200702\8a737e7_20260126_201411\docstring_patch_8a737e7.diff,0,0,2269,,2,0,True
0,0,d330dee,2208,0,D:\locbench\analyzer\runs\black\agent_batch\20260126_200702\d330dee_20260126_201413\history.json,0,0,0.0,0,0,0,0,0,True,0,D:\locbench\analyzer\runs\black\agent_batch\20260126_200702\d330dee_20260126_201413\docstring_patch_d330dee.diff,0,0,2297,,2,0,True
0,1,3d81290,2520,1,D:\locbench\analyzer\runs\black\agent_batch\20260126_200702\3d81290_20260126_201415\history.json,2,7,0.7,1,10,0,0,0,True,0,D:\locbench\analyzer\runs\black\agent_batch\20260126_200702\3d81290_20260126_201415\docstring_patch_3d81290.diff,0,0,2627,,3,0,True
0,1,459562c,2759,1,D:\locbench\analyzer\runs\black\agent_batch\20260126_200702\459562c_20260126_201418\history.json,15,98,0.784,12,125,0,0,0,True,0,D:\locbench\analyzer\runs\black\agent_batch\20260126_200702\459562c_20260126_201418\docstring_patch_459562c.diff,0,0,2873,,3,0,True
0,4,99dbf30,2340,2,D:\locbench\analyzer\runs\black\agent_batch\20260126_200702\99dbf30_20260126_201421\history.json,15,11,0.4074074074074074,1,27,1,1,1,True,5,D:\locbench\analyzer\runs\black\agent_batch\20260126_200702\99dbf30_20260126_201421\docstring_patch_99dbf30.diff,0,5,2429,,4,1,False
0,21,c0b92f3,5030,7,D:\locbench\analyzer\runs\black\agent_batch\20260126_200702\c0b92f3_20260126_201423\history.json,104,322,0.6680497925311203,56,482,7,3,7,True,41,D:\locbench\analyzer\runs\black\agent_batch\20260126_200702\c0b92f3_20260126_201423\docstring_patch_c0b92f3.diff,0,41,5123,,9,7,True
0,0,e58baf1,2240,0,D:\locbench\analyzer\runs\black\agent_batch\20260126_200702\e58baf1_20260126_201429\history.json,0,0,0.0,0,0,0,0,0,True,0,D:\locbench\analyzer\runs\black\agent_batch\20260126_200702\e58baf1_20260126_201429\docstring_patch_e58baf1.diff,0,0,2326,,2,0,True
0,0,1455ae4,2109,0,D:\locbench\analyzer\runs\black\agent_batch\20260126_200702\1455ae4_20260126_201431\history.json,0,0,0.0,0,0,0,0,0,True,0,D:\locbench\analyzer\runs\black\agent_batch\20260126_200702\1455ae4_20260126_201431\docstring_patch_1455ae4.diff,0,0,2198,,2,0,True
0,8,584d033,2817,2,D:\locbench\analyzer\runs\black\agent_batch\20260126_200702\584d033_20260126_201433\history.json,56,207,0.6655948553054662,48,311,3,2,3,True,20,D:\locbench\analyzer\runs\black\agent_batch\20260126_200702\584d033_20260126_201433\docstring_patch_584d033.diff,0,20,2912,,4,3,True
0,1,6e96540,2294,1,D:\locbench\analyzer\runs\black\agent_batch\20260126_200702\6e96540_20260126_201436\history.json,8,145,0.8146067415730337,25,178,0,0,0,True,0,D:\locbench\analyzer\runs\black\agent_batch\20260126_200702\6e96540_20260126_201436\docstring_patch_6e96540.diff,0,0,2381,,3,0,True
0,0,8dc9127,2135,0,D:\locbench\analyzer\runs\black\agent_batch\20260126_200702\8dc9127_20260126_201438\history.json,0,0,0.0,0,0,0,0,0,True,0,D:\locbench\analyzer\runs\black\agent_batch\20260126_200702\8dc9127_20260126_201438\docstring_patch_8dc9127.diff,0,0,2223,,2,0,True
0,0,40b73f2,2230,0,D:\locbench\analyzer\runs\black\agent_batch\20260126_200702\40b73f2_20260126_201441\history.json,0,0,0.0,0,0,0,0,0,True,0,D:\locbench\analyzer\runs\black\agent_batch\20260126_200702\40b73f2_20260126_201441\docstring_patch_40b73f2.diff,0,0,2323,,2,0,True
0,10,e157ba4,2529,2,D:\locbench\analyzer\runs\black\agent_batch\20260126_200702\e157ba4_20260126_201443\history.json,37,199,0.6160990712074303,87,323,4,2,4,True,21,D:\locbench\analyzer\runs\black\agent_batch\20260126_200702\e157ba4_20260126_201443\docstring_patch_e157ba4.diff,0,21,2616,,4,4,True
0,3,fdabd42,2293,1,D:\locbench\analyzer\runs\black\agent_batch\20260126_200702\fdabd42_20260126_201446\history.json,11,141,0.7833333333333333,28,180,1,1,1,True,9,D:\locbench\analyzer\runs\black\agent_batch\20260126_200702\fdabd42_20260126_201446\docstring_patch_fdabd42.diff,0,9,2381,,3,1,True
0,1,9431e98,2311,1,D:\locbench\analyzer\runs\black\agent_batch\20260126_200702\9431e98_20260126_201448\history.json,49,57,0.3220338983050847,71,177,0,0,0,True,0,D:\locbench\analyzer\runs\black\agent_batch\20260126_200702\9431e98_20260126_201448\docstring_patch_9431e98.diff,0,0,2402,,3,0,True
0,6,3b00112,2572,2,D:\locbench\analyzer\runs\black\agent_batch\20260126_200702\3b00112_20260126_201450\history.json,36,85,0.6115107913669064,18,139,2,1,2,True,10,D:\locbench\analyzer\runs\black\agent_batch\20260126_200702\3b00112_20260126_201450\docstring_patch_3b00112.diff,0,10,2664,,4,2,True
0,0,0aabac4,2221,0,D:\locbench\analyzer\runs\black\agent_batch\20260126_200702\0aabac4_20260126_201453\history.json,0,0,0.0,0,0,0,0,0,True,0,D:\locbench\analyzer\runs\black\agent_batch\20260126_200702\0aabac4_20260126_201453\docstring_patch_0aabac4.diff,0,0,2310,,2,0,True
0,7,ed33205,2297,1,D:\locbench\analyzer\runs\black\agent_batch\20260126_200702\ed33205_20260126_201455\history.json,3,53,0.4140625,72,128,3,1,3,True,13,D:\locbench\analyzer\runs\black\agent_batch\20260126_200702\ed33205_20260126_201455\docstring_patch_ed33205.diff,0,13,2394,,3,3,True
0,0,6000d37,2163,0,D:\locbench\analyzer\runs\black\agent_batch\20260126_200702\6000d37_20260126_201458\history.json,0,0,0.0,0,0,0,0,0,True,0,D:\locbench\analyzer\runs\black\agent_batch\20260126_200702\6000d37_20260126_201458\docstring_patch_6000d37.diff,0,0,2255,,2,0,True
0,0,30759ca,2095,0,D:\locbench\analyzer\runs\black\agent_batch\20260126_200702\30759ca_20260126_201500\history.json,0,0,0.0,0,0,0,0,0,True,0,D:\locbench\analyzer\runs\black\agent_batch\20260126_200702\30759ca_20260126_201500\docstring_patch_30759ca.diff,0,0,2184,,2,0,True
0,0,84ac1a9,2116,0,D:\locbench\analyzer\runs\black\agent_batch\20260126_200702\84ac1a9_20260126_201502\history.json,0,0,0.0,0,0,0,0,0,True,0,D:\locbench\analyzer\runs\black\agent_batch\20260126_200702\84ac1a9_20260126_201502\docstring_patch_84ac1a9.diff,0,0,2205,,2,0,True
0,0,0db1173,2127,0,D:\locbench\analyzer\runs\black\agent_batch\20260126_200702\0db1173_20260126_201504\history.json,0,0,0.0,0,0,0,0,0,True,0,D:\locbench\analyzer\runs\black\agent_batch\20260126_200702\0db1173_20260126_201504\docstring_patch_0db1173.diff,0,0,2210,,2,0,True
0,1,3fab5ad,2590,1,D:\locbench\analyzer\runs\black\agent_batch\20260126_200702\3fab5ad_20260126_201507\history.json,16,169,0.7788018433179723,32,217,0,0,0,True,0,D:\locbench\analyzer\runs\black\agent_batch\20260126_200702\3fab5ad_20260126_201507\docstring_patch_3fab5ad.diff,0,0,2678,,3,0,True
0,6,e54f86b,2626,2,D:\locbench\analyzer\runs\black\agent_batch\20260126_200702\e54f86b_20260126_201509\history.json,5,33,0.868421052631579,0,38,2,1,2,True,12,D:\locbench\analyzer\runs\black\agent_batch\20260126_200702\e54f86b_20260126_201509\docstring_patch_e54f86b.diff,0,12,2716,,4,2,True
0,6,96ca1b6,2661,2,D:\locbench\analyzer\runs\black\agent_batch\20260126_200702\96ca1b6_20260126_201512\history.json,31,151,0.7475247524752475,20,202,2,1,2,True,10,D:\locbench\analyzer\runs\black\agent_batch\20260126_200702\96ca1b6_20260126_201512\docstring_patch_96ca1b6.diff,0,10,2750,,4,2,True
0,0,17efac4,2106,0,D:\locbench\analyzer\runs\black\agent_batch\20260126_200702\17efac4_20260126_201515\history.json,0,0,0.0,0,0,0,0,0,True,0,D:\locbench\analyzer\runs\black\agent_batch\20260126_200702\17efac4_20260126_201515\docstring_patch_17efac4.diff,0,0,2191,,2,0,True
0,0,73f651f,2113,0,D:\locbench\analyzer\runs\black\agent_batch\20260126_200702\73f651f_20260126_201517\history.json,0,0,0.0,0,0,0,0,0,True,0,D:\locbench\analyzer\runs\black\agent_batch\20260126_200702\73f651f_20260126_201517\docstring_patch_73f651f.diff,0,0,2199,,2,0,True
0,0,f6c7c98,2122,0,D:\locbench\analyzer\runs\black\agent_batch\20260126_200702\f6c7c98_20260126_201519\history.json,0,0,0.0,0,0,0,0,0,True,0,D:\locbench\analyzer\runs\black\agent_batch\20260126_200702\f6c7c98_20260126_201519\docstring_patch_f6c7c98.diff,0,0,2235,,2,0,True
0,0,d670b04,2227,0,D:\locbench\analyzer\runs\black\agent_batch\20260126_200702\d670b04_20260126_201521\history.json,0,0,0.0,0,0,0,0,0,True,0,D:\locbench\analyzer\runs\black\agent_batch\20260126_200702\d670b04_20260126_201521\docstring_patch_d670b04.diff,0,0,2318,,2,0,True
0,0,5689626,2141,0,D:\locbench\analyzer\runs\black\agent_batch\20260126_200702\5689626_20260126_201524\history.json,0,0,0.0,0,0,0,0,0,True,0,D:\locbench\analyzer\runs\black\agent_batch\20260126_200702\5689626_20260126_201524\docstring_patch_5689626.diff,0,0,2252,,2,0,True
0,0,efd9778,2107,0,D:\locbench\analyzer\runs\black\agent_batch\20260126_200702\efd9778_20260126_201526\history.json,0,0,0.0,0,0,0,0,0,True,0,D:\locbench\analyzer\runs\black\agent_batch\20260126_200702\efd9778_20260126_201526\docstring_patch_efd9778.diff,0,0,2201,,2,0,True
